scope,group,model_group,signal,spearman,partial,auroc
family,noise,dae_lam1w5_inner,b,0.0966,,0.5544
family,noise,dae_lam1w5_inner,g,0.6907,0.7021,0.8414
family,noise,dae_lam1w5_inner,d,0.4057,0.4076,0.6872
family,noise,dae_lam1w5_inner,r_A,0.4057,0.4076,0.6872
family,noise,dae_lam1w5_inner,div,0.3292,0.3317,0.6602
family,noise,dae_lam1w5_inner,g_lin,0.6681,0.6746,0.8253
family,noise,dae_lam1w5_inner,sure,0.7163,0.7180,0.8651
family,noise,dae_lam1w5_inner,b@level,0.1313,0.1318,0.5484
family,noise,dae_lam1w5_inner,g@level,0.2330,0.2340,0.5972
family,noise,dae_lam1w5_inner,d@level,0.2330,0.2340,0.5972
family,noise,dae_lam1w5_inner,r_A@level,0.2330,0.2340,0.5972
family,noise,dae_lam1w5_inner,div@level,0.2330,0.2340,0.5972
family,noise,dae_lam1w5_inner,g_lin@level,0.2330,0.2340,0.5972
family,noise,dae_lam1w5_inner,sure@level,0.2330,0.2340,0.5972
family,noise,dae_lam1w5,b,0.0572,,0.5242
family,noise,dae_lam1w5,g,0.7012,0.7007,0.8499
family,noise,dae_lam1w5,d,0.5410,0.5425,0.7577
family,noise,dae_lam1w5,r_A,0.5410,0.5425,0.7577
family,noise,dae_lam1w5,div,0.2098,0.2063,0.5892
family,noise,dae_lam1w5,g_lin,0.6699,0.6720,0.8263
family,noise,dae_lam1w5,sure,0.7408,0.7421,0.8739
family,noise,dae_lam1w5,b@level,0.2188,0.2192,0.5819
family,noise,dae_lam1w5,g@level,0.3864,0.3870,0.6771
family,noise,dae_lam1w5,d@level,0.3864,0.3870,0.6771
family,noise,dae_lam1w5,r_A@level,0.3864,0.3870,0.6771
family,noise,dae_lam1w5,div@level,-0.2791,-0.2793,0.3612
family,noise,dae_lam1w5,g_lin@level,0.3864,0.3870,0.6771
family,noise,dae_lam1w5,sure@level,0.3864,0.3870,0.6771
family,blur,dae_lam1w5_inner,b,0.2658,,0.6752
family,blur,dae_lam1w5_inner,g,0.6193,0.6193,0.7880
family,blur,dae_lam1w5_inner,d,0.7914,0.8247,0.8901
family,blur,dae_lam1w5_inner,r_A,0.7085,0.6815,0.8546
family,blur,dae_lam1w5_inner,b@level,-0.6155,-0.6459,0.2082
family,blur,dae_lam1w5_inner,g@level,0.6155,0.6459,0.7918
family,blur,dae_lam1w5_inner,d@level,0.6155,0.6459,0.7918
family,blur,dae_lam1w5_inner,r_A@level,0.1819,0.1914,0.6619
family,blur,dae_lam1w5,b,0.2135,,0.6474
family,blur,dae_lam1w5,g,0.7167,0.7051,0.8570
family,blur,dae_lam1w5,d,0.6896,0.7411,0.8433
family,blur,dae_lam1w5,r_A,0.5614,0.5319,0.7940
family,blur,dae_lam1w5,b@level,-0.6196,-0.6401,0.2120
family,blur,dae_lam1w5,g@level,0.6196,0.6401,0.7880
family,blur,dae_lam1w5,d@level,0.6196,0.6401,0.7880
family,blur,dae_lam1w5,r_A@level,0.0701,0.0726,0.6084
family,pixel_mask,dae_lam1w5_inner,b,0.0207,,0.5098
family,pixel_mask,dae_lam1w5_inner,g,0.5080,0.5101,0.7449
family,pixel_mask,dae_lam1w5_inner,d,0.5179,0.9026,0.7585
family,pixel_mask,dae_lam1w5_inner,r_A,0.5102,0.8494,0.7565
family,pixel_mask,dae_lam1w5_inner,b@level,-0.6638,-0.9196,0.1939
family,pixel_mask,dae_lam1w5_inner,g@level,0.5777,0.7563,0.7494
family,pixel_mask,dae_lam1w5_inner,d@level,-0.2546,-0.2901,0.3302
family,pixel_mask,dae_lam1w5_inner,r_A@level,-0.2546,-0.2901,0.3302
family,pixel_mask,dae_lam1w5,b,0.0762,,0.5188
family,pixel_mask,dae_lam1w5,g,0.5144,0.5160,0.7434
family,pixel_mask,dae_lam1w5,d,0.5789,0.9212,0.7739
family,pixel_mask,dae_lam1w5,r_A,0.5292,0.8611,0.7571
family,pixel_mask,dae_lam1w5,b@level,-0.6253,-0.9205,0.1987
family,pixel_mask,dae_lam1w5,g@level,0.6253,0.9205,0.8013
family,pixel_mask,dae_lam1w5,d@level,-0.2389,-0.2993,0.3393
family,pixel_mask,dae_lam1w5,r_A@level,-0.2389,-0.2993,0.3393
family,box_mask,dae_lam1w5_inner,b,0.1893,,0.6014
family,box_mask,dae_lam1w5_inner,g,0.6787,0.6817,0.8200
family,box_mask,dae_lam1w5_inner,d,0.5565,0.5477,0.7379
family,box_mask,dae_lam1w5_inner,r_A,0.5627,0.5442,0.7453
family,box_mask,dae_lam1w5_inner,b@level,-0.6240,-0.7375,0.1895
family,box_mask,dae_lam1w5_inner,g@level,0.6240,0.7375,0.8105
family,box_mask,dae_lam1w5_inner,d@level,-0.2091,-0.2413,0.3967
family,box_mask,dae_lam1w5_inner,r_A@level,-0.2091,-0.2413,0.3967
family,box_mask,dae_lam1w5,b,0.2459,,0.6121
family,box_mask,dae_lam1w5,g,0.7340,0.7332,0.8283
family,box_mask,dae_lam1w5,d,0.6495,0.6339,0.7755
family,box_mask,dae_lam1w5,r_A,0.5429,0.5008,0.7177
family,box_mask,dae_lam1w5,b@level,-0.5877,-0.7272,0.1956
family,box_mask,dae_lam1w5,g@level,0.5877,0.7272,0.8044
family,box_mask,dae_lam1w5,d@level,0.1955,0.2405,0.6021
family,box_mask,dae_lam1w5,r_A@level,-0.5877,-0.7272,0.1956
all,all,dae_lam1w5_inner,b,-0.1561,,0.3735
all,all,dae_lam1w5_inner,g,0.5288,0.5404,0.7169
all,all,dae_lam1w5_inner,d,0.1095,0.1603,0.5744
all,all,dae_lam1w5_inner,r_A,-0.0018,0.0400,0.5218
all,all,dae_lam1w5_inner,b@level,-0.6740,-0.6837,0.1036
all,all,dae_lam1w5_inner,g@level,0.4634,0.4457,0.7358
all,all,dae_lam1w5_inner,d@level,-0.0514,-0.0538,0.4879
all,all,dae_lam1w5_inner,r_A@level,-0.1781,-0.1742,0.4433
all,all,dae_lam1w5,b,-0.1702,,0.3663
all,all,dae_lam1w5,g,0.4884,0.5560,0.6654
all,all,dae_lam1w5,d,0.1820,0.2287,0.6130
all,all,dae_lam1w5,r_A,0.0490,0.0899,0.5453
all,all,dae_lam1w5,b@level,-0.6519,-0.6531,0.1065
all,all,dae_lam1w5,g@level,0.3423,0.3381,0.6096
all,all,dae_lam1w5,d@level,0.0368,0.0283,0.5421
all,all,dae_lam1w5,r_A@level,-0.1180,-0.1133,0.4654
family,noise,dae_lam1w5_outer,b,0.0594,,0.5249
family,noise,dae_lam1w5_outer,g,0.7767,0.7759,0.8972
family,noise,dae_lam1w5_outer,d,0.6552,0.6578,0.8344
family,noise,dae_lam1w5_outer,r_A,0.6552,0.6578,0.8344
family,noise,dae_lam1w5_outer,div,0.2653,0.2600,0.5971
family,noise,dae_lam1w5_outer,g_lin,0.7449,0.7465,0.8826
family,noise,dae_lam1w5_outer,sure,0.7632,0.7669,0.8840
family,noise,dae_lam1w5_outer,b@level,0.3202,0.3209,0.6223
family,noise,dae_lam1w5_outer,g@level,0.5322,0.5332,0.7750
family,noise,dae_lam1w5_outer,d@level,0.5322,0.5332,0.7750
family,noise,dae_lam1w5_outer,r_A@level,0.5322,0.5332,0.7750
family,noise,dae_lam1w5_outer,div@level,-0.4463,-0.4471,0.2494
family,noise,dae_lam1w5_outer,g_lin@level,0.5322,0.5332,0.7750
family,noise,dae_lam1w5_outer,sure@level,0.5322,0.5332,0.7750
family,blur,dae_lam1w5_outer,b,0.2361,,0.6687
family,blur,dae_lam1w5_outer,g,0.7171,0.7018,0.8486
family,blur,dae_lam1w5_outer,d,0.6044,0.6190,0.8002
family,blur,dae_lam1w5_outer,r_A,0.5114,0.4678,0.7881
family,blur,dae_lam1w5_outer,b@level,-0.6907,-0.7174,0.1766
family,blur,dae_lam1w5_outer,g@level,0.6907,0.7174,0.8234
family,blur,dae_lam1w5_outer,d@level,0.5084,0.5276,0.6776
family,blur,dae_lam1w5_outer,r_A@level,0.0350,0.0369,0.6138
family,pixel_mask,dae_lam1w5_outer,b,0.0661,,0.5148
family,pixel_mask,dae_lam1w5_outer,g,0.5503,0.5734,0.7602
family,pixel_mask,dae_lam1w5_outer,d,0.5801,0.9233,0.7763
family,pixel_mask,dae_lam1w5_outer,r_A,0.5321,0.8715,0.7605
family,pixel_mask,dae_lam1w5_outer,b@level,-0.6360,-0.9252,0.1961
family,pixel_mask,dae_lam1w5_outer,g@level,0.5540,0.7579,0.7478
family,pixel_mask,dae_lam1w5_outer,d@level,-0.2452,-0.3014,0.3343
family,pixel_mask,dae_lam1w5_outer,r_A@level,-0.2452,-0.3014,0.3343
family,box_mask,dae_lam1w5_outer,b,0.2477,,0.6108
family,box_mask,dae_lam1w5_outer,g,0.7417,0.7483,0.8411
family,box_mask,dae_lam1w5_outer,d,0.6003,0.5723,0.7532
family,box_mask,dae_lam1w5_outer,r_A,0.4759,0.4205,0.6859
family,box_mask,dae_lam1w5_outer,b@level,-0.5987,-0.7403,0.1920
family,box_mask,dae_lam1w5_outer,g@level,0.5987,0.7403,0.8080
family,box_mask,dae_lam1w5_outer,d@level,-0.5987,-0.7403,0.1920
family,box_mask,dae_lam1w5_outer,r_A@level,-0.5987,-0.7403,0.1920
all,all,dae_lam1w5_outer,b,-0.1514,,0.3768
all,all,dae_lam1w5_outer,g,0.4994,0.5840,0.6722
all,all,dae_lam1w5_outer,d,0.1947,0.2286,0.6220
all,all,dae_lam1w5_outer,r_A,0.0715,0.1065,0.5576
all,all,dae_lam1w5_outer,b@level,-0.6204,-0.6250,0.1280
all,all,dae_lam1w5_outer,g@level,0.3797,0.3785,0.6179
all,all,dae_lam1w5_outer,d@level,0.0466,0.0405,0.5345
all,all,dae_lam1w5_outer,r_A@level,-0.0800,-0.0779,0.4861
family,noise,dae_lam1w5_inner,dis,0.7140,0.7109,0.8337
family,noise,dae_lam1w5_inner,g2,0.4896,0.4986,0.7444
family,noise,dae_lam1w5_inner,g3,0.4397,0.4461,0.7184
family,noise,dae_lam1w5_inner,q,-0.2910,-0.2959,0.3683
family,noise,dae_lam1w5_inner,dis@level,0.2330,0.2340,0.5972
family,noise,dae_lam1w5_inner,g2@level,0.2330,0.2340,0.5972
family,noise,dae_lam1w5_inner,g3@level,0.2330,0.2340,0.5972
family,noise,dae_lam1w5_inner,q@level,-0.2330,-0.2340,0.4028
family,noise,dae_lam1w5,dis,0.7153,0.7145,0.8314
family,noise,dae_lam1w5,g2,0.5994,0.5991,0.8081
family,noise,dae_lam1w5,g3,0.5646,0.5635,0.7909
family,noise,dae_lam1w5,q,-0.3354,-0.3450,0.3471
family,noise,dae_lam1w5,dis@level,0.3864,0.3870,0.6771
family,noise,dae_lam1w5,g2@level,0.3864,0.3870,0.6771
family,noise,dae_lam1w5,g3@level,0.3864,0.3870,0.6771
family,noise,dae_lam1w5,q@level,-0.3864,-0.3870,0.3229
family,blur,dae_lam1w5_inner,dis,0.6078,0.5690,0.7730
family,blur,dae_lam1w5_inner,g2,0.2764,0.2932,0.6124
family,blur,dae_lam1w5_inner,g3,0.2381,0.2443,0.5958
family,blur,dae_lam1w5_inner,q,-0.4071,-0.3834,0.2963
family,blur,dae_lam1w5_inner,dis@level,0.6155,0.6459,0.7918
family,blur,dae_lam1w5_inner,g2@level,0.6155,0.6459,0.7918
family,blur,dae_lam1w5_inner,g3@level,0.6155,0.6459,0.7918
family,blur,dae_lam1w5_inner,q@level,-0.6155,-0.6459,0.2082
family,blur,dae_lam1w5,dis,0.7397,0.7465,0.8643
family,blur,dae_lam1w5,g2,0.5724,0.5492,0.7902
family,blur,dae_lam1w5,g3,0.5219,0.4931,0.7661
family,blur,dae_lam1w5,q,-0.3641,-0.3377,0.3402
family,blur,dae_lam1w5,dis@level,0.6196,0.6401,0.7880
family,blur,dae_lam1w5,g2@level,0.6196,0.6401,0.7880
family,blur,dae_lam1w5,g3@level,0.6196,0.6401,0.7880
family,blur,dae_lam1w5,q@level,-0.6196,-0.6401,0.2120
family,pixel_mask,dae_lam1w5_inner,dis,0.3925,0.4992,0.7084
family,pixel_mask,dae_lam1w5_inner,g2,0.3338,0.3344,0.6705
family,pixel_mask,dae_lam1w5_inner,g3,0.2356,0.2363,0.6306
family,pixel_mask,dae_lam1w5_inner,q,-0.0797,-0.0782,0.4771
family,pixel_mask,dae_lam1w5_inner,dis@level,-0.6638,-0.9196,0.1939
family,pixel_mask,dae_lam1w5_inner,g2@level,0.5777,0.7563,0.7494
family,pixel_mask,dae_lam1w5_inner,g3@level,-0.0368,-0.0507,0.4316
family,pixel_mask,dae_lam1w5_inner,q@level,0.0445,0.1112,0.4867
family,pixel_mask,dae_lam1w5,dis,0.5322,0.6091,0.7742
family,pixel_mask,dae_lam1w5,g2,0.3929,0.3907,0.6708
family,pixel_mask,dae_lam1w5,g3,0.3472,0.3452,0.6408
family,pixel_mask,dae_lam1w5,q,-0.1593,-0.1416,0.4039
family,pixel_mask,dae_lam1w5,dis@level,-0.2389,-0.2993,0.3393
family,pixel_mask,dae_lam1w5,g2@level,0.6253,0.9205,0.8013
family,pixel_mask,dae_lam1w5,g3@level,0.6253,0.9205,0.8013
family,pixel_mask,dae_lam1w5,q@level,0.4955,0.7130,0.7552
family,box_mask,dae_lam1w5_inner,dis,0.6521,0.6743,0.8132
family,box_mask,dae_lam1w5_inner,g2,0.7111,0.7001,0.8488
family,box_mask,dae_lam1w5_inner,g3,0.6758,0.6610,0.8425
family,box_mask,dae_lam1w5_inner,q,0.1688,0.1969,0.6167
family,box_mask,dae_lam1w5_inner,dis@level,0.6240,0.7375,0.8105
family,box_mask,dae_lam1w5_inner,g2@level,0.6240,0.7375,0.8105
family,box_mask,dae_lam1w5_inner,g3@level,0.6240,0.7375,0.8105
family,box_mask,dae_lam1w5_inner,q@level,0.6240,0.7375,0.8105
family,box_mask,dae_lam1w5,dis,0.7465,0.7566,0.8431
family,box_mask,dae_lam1w5,g2,0.7315,0.7214,0.8331
family,box_mask,dae_lam1w5,g3,0.7159,0.6992,0.8295
family,box_mask,dae_lam1w5,q,0.0745,0.0908,0.5572
family,box_mask,dae_lam1w5,dis@level,0.5877,0.7272,0.8044
family,box_mask,dae_lam1w5,g2@level,0.5877,0.7272,0.8044
family,box_mask,dae_lam1w5,g3@level,0.5877,0.7272,0.8044
family,box_mask,dae_lam1w5,q@level,0.5877,0.7272,0.8044
family,noise,dae_lam1w5_outer,dis,0.8006,0.8007,0.8796
family,noise,dae_lam1w5_outer,g2,0.7607,0.7606,0.8894
family,noise,dae_lam1w5_outer,g3,0.7331,0.7319,0.8738
family,noise,dae_lam1w5_outer,q,-0.2493,-0.2533,0.3537
family,noise,dae_lam1w5_outer,dis@level,0.5322,0.5332,0.7750
family,noise,dae_lam1w5_outer,g2@level,0.5322,0.5332,0.7750
family,noise,dae_lam1w5_outer,g3@level,0.5322,0.5332,0.7750
family,noise,dae_lam1w5_outer,q@level,-0.5322,-0.5332,0.2250
family,blur,dae_lam1w5_outer,dis,0.7037,0.7018,0.8506
family,blur,dae_lam1w5_outer,g2,0.6691,0.6445,0.8270
family,blur,dae_lam1w5_outer,g3,0.6301,0.6018,0.8105
family,blur,dae_lam1w5_outer,q,-0.2854,-0.2458,0.3722
family,blur,dae_lam1w5_outer,dis@level,0.6907,0.7174,0.8234
family,blur,dae_lam1w5_outer,g2@level,0.6907,0.7174,0.8234
family,blur,dae_lam1w5_outer,g3@level,0.6907,0.7174,0.8234
family,blur,dae_lam1w5_outer,q@level,-0.6509,-0.6757,0.2172
family,pixel_mask,dae_lam1w5_outer,dis,0.5281,0.6863,0.7703
family,pixel_mask,dae_lam1w5_outer,g2,0.4811,0.4807,0.7173
family,pixel_mask,dae_lam1w5_outer,g3,0.4337,0.4314,0.6909
family,pixel_mask,dae_lam1w5_outer,q,-0.1245,-0.1072,0.4206
family,pixel_mask,dae_lam1w5_outer,dis@level,-0.2452,-0.3014,0.3343
family,pixel_mask,dae_lam1w5_outer,g2@level,0.6360,0.9252,0.8039
family,pixel_mask,dae_lam1w5_outer,g3@level,0.6360,0.9252,0.8039
family,pixel_mask,dae_lam1w5_outer,q@level,0.5045,0.7163,0.7582
family,box_mask,dae_lam1w5_outer,dis,0.7519,0.7741,0.8483
family,box_mask,dae_lam1w5_outer,g2,0.7215,0.7176,0.8317
family,box_mask,dae_lam1w5_outer,g3,0.6993,0.6867,0.8215
family,box_mask,dae_lam1w5_outer,q,-0.0001,0.0075,0.5031
family,box_mask,dae_lam1w5_outer,dis@level,0.5987,0.7403,0.8080
family,box_mask,dae_lam1w5_outer,g2@level,0.5987,0.7403,0.8080
family,box_mask,dae_lam1w5_outer,g3@level,0.5987,0.7403,0.8080
family,box_mask,dae_lam1w5_outer,q@level,0.5987,0.7403,0.8080
all,all,dae_lam1w5_inner,dis,0.4553,0.5524,0.6484
all,all,dae_lam1w5_inner,g2,0.3756,0.3744,0.6617
all,all,dae_lam1w5_inner,g3,0.3120,0.3186,0.6274
all,all,dae_lam1w5_inner,q,-0.1512,-0.1677,0.4661
all,all,dae_lam1w5_inner,dis@level,0.2133,0.2304,0.5230
all,all,dae_lam1w5_inner,g2@level,0.4113,0.3904,0.7388
all,all,dae_lam1w5_inner,g3@level,0.2357,0.2347,0.6002
all,all,dae_lam1w5_inner,q@level,-0.2100,-0.2050,0.4548
all,all,dae_lam1w5,dis,0.4478,0.5490,0.6445
all,all,dae_lam1w5,g2,0.4453,0.4906,0.6685
all,all,dae_lam1w5,g3,0.4268,0.4685,0.6676
all,all,dae_lam1w5,q,-0.0864,-0.1143,0.5211
all,all,dae_lam1w5,dis@level,0.2066,0.2213,0.5200
all,all,dae_lam1w5,g2@level,0.3510,0.3438,0.6299
all,all,dae_lam1w5,g3@level,0.3771,0.3668,0.6525
all,all,dae_lam1w5,q@level,0.0254,-0.0043,0.6346
all,all,dae_lam1w5_outer,dis,0.4728,0.5661,0.6739
all,all,dae_lam1w5_outer,g2,0.5256,0.5841,0.6928
all,all,dae_lam1w5_outer,g3,0.5215,0.5652,0.6990
all,all,dae_lam1w5_outer,q,0.0116,-0.0219,0.5402
all,all,dae_lam1w5_outer,dis@level,0.3111,0.3129,0.5966
all,all,dae_lam1w5_outer,g2@level,0.4162,0.4124,0.6368
all,all,dae_lam1w5_outer,g3@level,0.5066,0.4958,0.6979
all,all,dae_lam1w5_outer,q@level,0.0577,0.0279,0.6337
