group,model,signal,aurc,aurc_norm,mean_error,risk@0.8,risk_oracle@0.8,risk@0.5,risk_oracle@0.5
dae_lam0,dae_lam0_seed0,g,0.0678,0.4610,0.0914,0.0848,0.0633,0.0703,0.0459
dae_lam0,dae_lam0_seed0,d,0.0759,0.6445,0.0914,0.0919,0.0633,0.0815,0.0459
dae_lam0,dae_lam0_seed0,r_A,0.0787,0.7090,0.0914,0.0995,0.0633,0.0825,0.0459
dae_lam0,dae_lam0_seed0,dis,0.0688,0.4838,0.0914,0.0851,0.0633,0.0700,0.0459
dae_lam0,dae_lam0_seed0,g2,0.0689,0.4854,0.0914,0.0836,0.0633,0.0697,0.0459
dae_lam0,dae_lam0_seed0,q,0.0887,0.9396,0.0914,0.0901,0.0633,0.0902,0.0459
dae_lam0,dae_lam0_seed0,b,0.1051,1.3150,0.0914,0.0965,0.0633,0.1038,0.0459
dae_lam0,dae_lam0_seed1,g,0.0657,0.3934,0.0920,0.0846,0.0643,0.0671,0.0470
dae_lam0,dae_lam0_seed1,d,0.0759,0.6284,0.0920,0.0922,0.0643,0.0817,0.0470
dae_lam0,dae_lam0_seed1,r_A,0.0791,0.7032,0.0920,0.0997,0.0643,0.0831,0.0470
dae_lam0,dae_lam0_seed1,dis,0.0692,0.4739,0.0920,0.0854,0.0643,0.0703,0.0470
dae_lam0,dae_lam0_seed1,g2,0.0674,0.4346,0.0920,0.0834,0.0643,0.0682,0.0470
dae_lam0,dae_lam0_seed1,q,0.0908,0.9737,0.0920,0.0914,0.0643,0.0924,0.0470
dae_lam0,dae_lam0_seed1,b,0.1053,1.3063,0.0920,0.0969,0.0643,0.1040,0.0470
dae_lam0,dae_lam0_seed2,g,0.0657,0.3841,0.0920,0.0835,0.0646,0.0675,0.0477
dae_lam0,dae_lam0_seed2,d,0.0755,0.6134,0.0920,0.0922,0.0646,0.0804,0.0477
dae_lam0,dae_lam0_seed2,r_A,0.0791,0.6977,0.0920,0.0997,0.0646,0.0828,0.0477
dae_lam0,dae_lam0_seed2,dis,0.0693,0.4687,0.0920,0.0851,0.0646,0.0704,0.0477
dae_lam0,dae_lam0_seed2,g2,0.0673,0.4231,0.0920,0.0823,0.0646,0.0665,0.0477
dae_lam0,dae_lam0_seed2,q,0.0854,0.8464,0.0920,0.0900,0.0646,0.0851,0.0477
dae_lam0,dae_lam0_seed2,b,0.1055,1.3161,0.0920,0.0970,0.0646,0.1042,0.0477
dae_lam1w5,dae_lam1w5_seed0,g,0.0727,0.5033,0.0940,0.0880,0.0665,0.0763,0.0496
dae_lam1w5,dae_lam1w5_seed0,d,0.0772,0.6088,0.0940,0.0947,0.0665,0.0811,0.0496
dae_lam1w5,dae_lam1w5_seed0,r_A,0.0819,0.7178,0.0940,0.1018,0.0665,0.0850,0.0496
dae_lam1w5,dae_lam1w5_seed0,dis,0.0745,0.5448,0.0940,0.0895,0.0665,0.0767,0.0496
dae_lam1w5,dae_lam1w5_seed0,g2,0.0763,0.5860,0.0940,0.0876,0.0665,0.0792,0.0496
dae_lam1w5,dae_lam1w5_seed0,q,0.0980,1.0923,0.0940,0.0958,0.0665,0.0987,0.0496
dae_lam1w5,dae_lam1w5_seed0,b,0.1067,1.2945,0.0940,0.0991,0.0665,0.1060,0.0496
dae_lam1w5,dae_lam1w5_seed1,g,0.0759,0.5356,0.0958,0.0906,0.0684,0.0803,0.0518
dae_lam1w5,dae_lam1w5_seed1,d,0.0766,0.5513,0.0958,0.0946,0.0684,0.0789,0.0518
dae_lam1w5,dae_lam1w5_seed1,r_A,0.0816,0.6683,0.0958,0.1018,0.0684,0.0840,0.0518
dae_lam1w5,dae_lam1w5_seed1,dis,0.0752,0.5188,0.0958,0.0901,0.0684,0.0775,0.0518
dae_lam1w5,dae_lam1w5_seed1,g2,0.0769,0.5585,0.0958,0.0892,0.0684,0.0803,0.0518
dae_lam1w5,dae_lam1w5_seed1,q,0.0942,0.9625,0.0958,0.0960,0.0684,0.0953,0.0518
dae_lam1w5,dae_lam1w5_seed1,b,0.1091,1.3091,0.0958,0.1013,0.0684,0.1084,0.0518
dae_lam1w5,dae_lam1w5_seed2,g,0.0727,0.4660,0.0953,0.0883,0.0681,0.0757,0.0516
dae_lam1w5,dae_lam1w5_seed2,d,0.0772,0.5719,0.0953,0.0956,0.0681,0.0795,0.0516
dae_lam1w5,dae_lam1w5_seed2,r_A,0.0829,0.7086,0.0953,0.1028,0.0681,0.0860,0.0516
dae_lam1w5,dae_lam1w5_seed2,dis,0.0755,0.5331,0.0953,0.0904,0.0681,0.0777,0.0516
dae_lam1w5,dae_lam1w5_seed2,g2,0.0757,0.5385,0.0953,0.0882,0.0681,0.0783,0.0516
dae_lam1w5,dae_lam1w5_seed2,q,0.0970,1.0405,0.0953,0.0973,0.0681,0.0988,0.0516
dae_lam1w5,dae_lam1w5_seed2,b,0.1076,1.2918,0.0953,0.1003,0.0681,0.1070,0.0516
unet_lam0,unet_lam0_seed0,g,0.0637,0.5115,0.0852,0.0689,0.0582,0.0592,0.0394
unet_lam0,unet_lam0_seed0,d,0.0786,0.8511,0.0852,0.0898,0.0582,0.0742,0.0394
unet_lam0,unet_lam0_seed0,r_A,0.0820,0.9281,0.0852,0.0904,0.0582,0.0761,0.0394
unet_lam0,unet_lam0_seed0,dis,0.0648,0.5360,0.0852,0.0730,0.0582,0.0624,0.0394
unet_lam0,unet_lam0_seed0,g2,0.0623,0.4786,0.0852,0.0701,0.0582,0.0594,0.0394
unet_lam0,unet_lam0_seed0,q,0.0975,1.2795,0.0852,0.0872,0.0582,0.0981,0.0394
unet_lam0,unet_lam0_seed0,b,0.0975,1.2815,0.0852,0.0893,0.0582,0.0957,0.0394
unet_lam0,unet_lam0_seed1,g,0.0642,0.5059,0.0860,0.0698,0.0591,0.0594,0.0400
unet_lam0,unet_lam0_seed1,d,0.0792,0.8449,0.0860,0.0901,0.0591,0.0748,0.0400
unet_lam0,unet_lam0_seed1,r_A,0.0830,0.9327,0.0860,0.0904,0.0591,0.0774,0.0400
unet_lam0,unet_lam0_seed1,dis,0.0651,0.5259,0.0860,0.0732,0.0591,0.0626,0.0400
unet_lam0,unet_lam0_seed1,g2,0.0628,0.4737,0.0860,0.0705,0.0591,0.0599,0.0400
unet_lam0,unet_lam0_seed1,q,0.0959,1.2244,0.0860,0.0889,0.0591,0.0965,0.0400
unet_lam0,unet_lam0_seed1,b,0.0980,1.2719,0.0860,0.0900,0.0591,0.0962,0.0400
unet_lam0,unet_lam0_seed2,g,0.0640,0.5149,0.0854,0.0696,0.0583,0.0590,0.0393
unet_lam0,unet_lam0_seed2,d,0.0789,0.8533,0.0854,0.0899,0.0583,0.0744,0.0393
unet_lam0,unet_lam0_seed2,r_A,0.0819,0.9208,0.0854,0.0905,0.0583,0.0758,0.0393
unet_lam0,unet_lam0_seed2,dis,0.0648,0.5337,0.0854,0.0731,0.0583,0.0623,0.0393
unet_lam0,unet_lam0_seed2,g2,0.0622,0.4747,0.0854,0.0704,0.0583,0.0590,0.0393
unet_lam0,unet_lam0_seed2,q,0.0952,1.2208,0.0854,0.0874,0.0583,0.0975,0.0393
unet_lam0,unet_lam0_seed2,b,0.0978,1.2795,0.0854,0.0894,0.0583,0.0959,0.0393
unet_lam1w5,unet_lam1w5_seed0,g,0.0701,0.6788,0.0844,0.0774,0.0570,0.0693,0.0380
unet_lam1w5,unet_lam1w5_seed0,d,0.0748,0.7831,0.0844,0.0861,0.0570,0.0722,0.0380
unet_lam1w5,unet_lam1w5_seed0,r_A,0.0780,0.8563,0.0844,0.0901,0.0570,0.0720,0.0380
unet_lam1w5,unet_lam1w5_seed0,dis,0.0655,0.5739,0.0844,0.0717,0.0570,0.0630,0.0380
unet_lam1w5,unet_lam1w5_seed0,g2,0.0719,0.7193,0.0844,0.0797,0.0570,0.0709,0.0380
unet_lam1w5,unet_lam1w5_seed0,q,0.0935,1.2043,0.0844,0.0856,0.0570,0.0914,0.0380
unet_lam1w5,unet_lam1w5_seed0,b,0.0973,1.2895,0.0844,0.0885,0.0570,0.0954,0.0380
unet_lam1w5,unet_lam1w5_seed1,g,0.0691,0.6496,0.0847,0.0765,0.0572,0.0672,0.0382
unet_lam1w5,unet_lam1w5_seed1,d,0.0749,0.7798,0.0847,0.0864,0.0572,0.0721,0.0382
unet_lam1w5,unet_lam1w5_seed1,r_A,0.0779,0.8468,0.0847,0.0901,0.0572,0.0718,0.0382
unet_lam1w5,unet_lam1w5_seed1,dis,0.0654,0.5678,0.0847,0.0716,0.0572,0.0629,0.0382
unet_lam1w5,unet_lam1w5_seed1,g2,0.0709,0.6899,0.0847,0.0788,0.0572,0.0693,0.0382
unet_lam1w5,unet_lam1w5_seed1,q,0.0942,1.2129,0.0847,0.0861,0.0572,0.0935,0.0382
unet_lam1w5,unet_lam1w5_seed1,b,0.0975,1.2861,0.0847,0.0887,0.0572,0.0956,0.0382
unet_lam1w5,unet_lam1w5_seed2,g,0.0672,0.6212,0.0841,0.0760,0.0564,0.0653,0.0376
unet_lam1w5,unet_lam1w5_seed2,d,0.0763,0.8239,0.0841,0.0867,0.0564,0.0724,0.0376
unet_lam1w5,unet_lam1w5_seed2,r_A,0.0779,0.8613,0.0841,0.0905,0.0564,0.0719,0.0376
unet_lam1w5,unet_lam1w5_seed2,dis,0.0655,0.5826,0.0841,0.0719,0.0564,0.0630,0.0376
unet_lam1w5,unet_lam1w5_seed2,g2,0.0701,0.6863,0.0841,0.0788,0.0564,0.0687,0.0376
unet_lam1w5,unet_lam1w5_seed2,q,0.0955,1.2565,0.0841,0.0852,0.0564,0.0957,0.0376
unet_lam1w5,unet_lam1w5_seed2,b,0.0975,1.3008,0.0841,0.0884,0.0564,0.0957,0.0376
