scope,group,model,target,signal,constant,spearman,spearman_lo,spearman_hi,auroc,auroc_lo,auroc_hi,n
condition,noise(sigma=0.1),radial,e,g,True,,,,0.5000,0.5000,0.5000,10000
condition,noise(sigma=0.1),radial,e,d,False,0.5214,0.5087,0.5347,0.8772,0.8704,0.8838,10000
condition,noise(sigma=0.1),radial,e,r_A,False,0.5214,0.5087,0.5347,0.8772,0.8704,0.8838,10000
condition,noise(sigma=0.1),radial,e,div,False,0.3031,0.2771,0.3265,0.6885,0.6689,0.7052,10000
condition,noise(sigma=0.1),radial,e,g_lin,True,,,,0.5000,0.5000,0.5000,10000
condition,noise(sigma=0.1),radial,e,sure,False,0.9358,0.9317,0.9396,0.9971,0.9966,0.9976,10000
condition,noise(sigma=0.1),pca64,e,g,True,,,,0.5000,0.5000,0.5000,10000
condition,noise(sigma=0.1),pca64,e,d,False,0.9691,0.9675,0.9706,0.9926,0.9915,0.9936,10000
condition,noise(sigma=0.1),pca64,e,r_A,False,0.9691,0.9675,0.9706,0.9926,0.9915,0.9936,10000
condition,noise(sigma=0.1),pca64,e,div,False,0.0005,-0.0195,0.0194,0.4963,0.4836,0.5085,10000
condition,noise(sigma=0.1),pca64,e,g_lin,True,,,,0.5000,0.5000,0.5000,10000
condition,noise(sigma=0.1),pca64,e,sure,False,0.9627,0.9610,0.9644,0.9884,0.9869,0.9898,10000
condition,noise(sigma=0.1),dae_lam0_seed0,e,g,False,0.7533,0.7434,0.7633,0.8692,0.8616,0.8766,10000
condition,noise(sigma=0.1),dae_lam0_seed0,e,d,False,0.9274,0.9240,0.9306,0.9806,0.9783,0.9827,10000
condition,noise(sigma=0.1),dae_lam0_seed0,e,r_A,False,0.9274,0.9240,0.9306,0.9806,0.9783,0.9827,10000
condition,noise(sigma=0.1),dae_lam0_seed0,e,div,False,0.5338,0.5201,0.5485,0.7459,0.7356,0.7570,10000
condition,noise(sigma=0.1),dae_lam0_seed0,e,g_lin,False,0.7978,0.7895,0.8062,0.9021,0.8948,0.9089,10000
condition,noise(sigma=0.1),dae_lam0_seed0,e,sure,False,0.9039,0.8994,0.9081,0.9639,0.9605,0.9670,10000
condition,noise(sigma=0.1),dae_lam0_seed1,e,g,False,0.7610,0.7518,0.7706,0.8725,0.8647,0.8800,10000
condition,noise(sigma=0.1),dae_lam0_seed1,e,d,False,0.9301,0.9266,0.9333,0.9808,0.9785,0.9831,10000
condition,noise(sigma=0.1),dae_lam0_seed1,e,r_A,False,0.9301,0.9266,0.9333,0.9808,0.9785,0.9831,10000
condition,noise(sigma=0.1),dae_lam0_seed1,e,div,False,0.4993,0.4843,0.5147,0.7300,0.7199,0.7414,10000
condition,noise(sigma=0.1),dae_lam0_seed1,e,g_lin,False,0.7980,0.7894,0.8066,0.8980,0.8910,0.9046,10000
condition,noise(sigma=0.1),dae_lam0_seed1,e,sure,False,0.9052,0.9008,0.9093,0.9636,0.9602,0.9669,10000
condition,noise(sigma=0.1),dae_lam0_seed2,e,g,False,0.7356,0.7253,0.7453,0.8562,0.8475,0.8647,10000
condition,noise(sigma=0.1),dae_lam0_seed2,e,d,False,0.9376,0.9346,0.9402,0.9817,0.9794,0.9837,10000
condition,noise(sigma=0.1),dae_lam0_seed2,e,r_A,False,0.9376,0.9346,0.9402,0.9817,0.9794,0.9837,10000
condition,noise(sigma=0.1),dae_lam0_seed2,e,div,False,0.4449,0.4288,0.4609,0.7062,0.6947,0.7181,10000
condition,noise(sigma=0.1),dae_lam0_seed2,e,g_lin,False,0.7641,0.7548,0.7728,0.8831,0.8755,0.8901,10000
condition,noise(sigma=0.1),dae_lam0_seed2,e,sure,False,0.9119,0.9079,0.9157,0.9648,0.9614,0.9680,10000
condition,noise(sigma=0.2),radial,e,g,True,,,,0.5000,0.5000,0.5000,10000
condition,noise(sigma=0.2),radial,e,d,False,-0.4625,-0.4818,-0.4409,0.2101,0.1948,0.2259,10000
condition,noise(sigma=0.2),radial,e,r_A,False,-0.4625,-0.4818,-0.4409,0.2101,0.1948,0.2259,10000
condition,noise(sigma=0.2),radial,e,div,False,0.4748,0.4528,0.4947,0.7959,0.7803,0.8113,10000
condition,noise(sigma=0.2),radial,e,g_lin,True,,,,0.5000,0.5000,0.5000,10000
condition,noise(sigma=0.2),radial,e,sure,False,0.8189,0.8099,0.8270,0.9811,0.9788,0.9833,10000
condition,noise(sigma=0.2),pca64,e,g,True,,,,0.5000,0.5000,0.5000,10000
condition,noise(sigma=0.2),pca64,e,d,False,0.8449,0.8381,0.8518,0.9573,0.9537,0.9609,10000
condition,noise(sigma=0.2),pca64,e,r_A,False,0.8449,0.8381,0.8518,0.9573,0.9537,0.9609,10000
condition,noise(sigma=0.2),pca64,e,div,False,-0.0014,-0.0217,0.0181,0.4965,0.4835,0.5087,10000
condition,noise(sigma=0.2),pca64,e,g_lin,True,,,,0.5000,0.5000,0.5000,10000
condition,noise(sigma=0.2),pca64,e,sure,False,0.8602,0.8541,0.8660,0.9617,0.9582,0.9649,10000
condition,noise(sigma=0.2),dae_lam0_seed0,e,g,False,0.7585,0.7487,0.7682,0.8696,0.8623,0.8777,10000
condition,noise(sigma=0.2),dae_lam0_seed0,e,d,False,0.7548,0.7450,0.7642,0.9162,0.9102,0.9222,10000
condition,noise(sigma=0.2),dae_lam0_seed0,e,r_A,False,0.7548,0.7450,0.7642,0.9162,0.9102,0.9222,10000
condition,noise(sigma=0.2),dae_lam0_seed0,e,div,False,0.5373,0.5229,0.5520,0.7442,0.7336,0.7552,10000
condition,noise(sigma=0.2),dae_lam0_seed0,e,g_lin,False,0.8032,0.7949,0.8110,0.9056,0.8991,0.9122,10000
condition,noise(sigma=0.2),dae_lam0_seed0,e,sure,False,0.7995,0.7913,0.8075,0.9272,0.9219,0.9322,10000
condition,noise(sigma=0.2),dae_lam0_seed1,e,g,False,0.7603,0.7509,0.7699,0.8706,0.8631,0.8779,10000
condition,noise(sigma=0.2),dae_lam0_seed1,e,d,False,0.7642,0.7548,0.7734,0.9215,0.9157,0.9269,10000
condition,noise(sigma=0.2),dae_lam0_seed1,e,r_A,False,0.7642,0.7548,0.7734,0.9215,0.9157,0.9269,10000
condition,noise(sigma=0.2),dae_lam0_seed1,e,div,False,0.5006,0.4855,0.5159,0.7269,0.7159,0.7385,10000
condition,noise(sigma=0.2),dae_lam0_seed1,e,g_lin,False,0.7676,0.7587,0.7768,0.8881,0.8808,0.8946,10000
condition,noise(sigma=0.2),dae_lam0_seed1,e,sure,False,0.8044,0.7967,0.8122,0.9305,0.9255,0.9354,10000
condition,noise(sigma=0.2),dae_lam0_seed2,e,g,False,0.7259,0.7155,0.7364,0.8499,0.8419,0.8580,10000
condition,noise(sigma=0.2),dae_lam0_seed2,e,d,False,0.7851,0.7761,0.7934,0.9290,0.9231,0.9343,10000
condition,noise(sigma=0.2),dae_lam0_seed2,e,r_A,False,0.7851,0.7761,0.7934,0.9290,0.9231,0.9343,10000
condition,noise(sigma=0.2),dae_lam0_seed2,e,div,False,0.4448,0.4290,0.4609,0.7075,0.6961,0.7188,10000
condition,noise(sigma=0.2),dae_lam0_seed2,e,g_lin,False,0.7235,0.7128,0.7341,0.8685,0.8607,0.8760,10000
condition,noise(sigma=0.2),dae_lam0_seed2,e,sure,False,0.8188,0.8119,0.8258,0.9364,0.9310,0.9409,10000
condition,noise(sigma=0.3),radial,e,g,True,,,,0.5000,0.5000,0.5000,10000
condition,noise(sigma=0.3),radial,e,d,False,-0.3094,-0.3309,-0.2854,0.3173,0.3016,0.3342,10000
condition,noise(sigma=0.3),radial,e,r_A,False,-0.3094,-0.3309,-0.2854,0.3173,0.3016,0.3342,10000
condition,noise(sigma=0.3),radial,e,div,False,0.3090,0.2852,0.3305,0.6829,0.6659,0.6985,10000
condition,noise(sigma=0.3),radial,e,g_lin,True,,,,0.5000,0.5000,0.5000,10000
condition,noise(sigma=0.3),radial,e,sure,False,0.6222,0.6092,0.6347,0.8822,0.8738,0.8906,10000
condition,noise(sigma=0.3),pca64,e,g,True,,,,0.5000,0.5000,0.5000,10000
condition,noise(sigma=0.3),pca64,e,d,False,0.6296,0.6166,0.6436,0.8696,0.8625,0.8780,10000
condition,noise(sigma=0.3),pca64,e,r_A,False,0.6296,0.6166,0.6436,0.8696,0.8625,0.8780,10000
condition,noise(sigma=0.3),pca64,e,div,False,0.0001,-0.0190,0.0202,0.5011,0.4882,0.5143,10000
condition,noise(sigma=0.3),pca64,e,g_lin,True,,,,0.5000,0.5000,0.5000,10000
condition,noise(sigma=0.3),pca64,e,sure,False,0.6521,0.6385,0.6652,0.8819,0.8748,0.8897,10000
condition,noise(sigma=0.3),dae_lam0_seed0,e,g,False,0.7584,0.7488,0.7678,0.8763,0.8686,0.8839,10000
condition,noise(sigma=0.3),dae_lam0_seed0,e,d,False,0.5460,0.5314,0.5611,0.8250,0.8149,0.8348,10000
condition,noise(sigma=0.3),dae_lam0_seed0,e,r_A,False,0.5460,0.5314,0.5611,0.8250,0.8149,0.8348,10000
condition,noise(sigma=0.3),dae_lam0_seed0,e,div,False,0.5575,0.5440,0.5722,0.7605,0.7502,0.7712,10000
condition,noise(sigma=0.3),dae_lam0_seed0,e,g_lin,False,0.7862,0.7774,0.7946,0.9073,0.9009,0.9133,10000
condition,noise(sigma=0.3),dae_lam0_seed0,e,sure,False,0.6355,0.6226,0.6485,0.8608,0.8517,0.8695,10000
condition,noise(sigma=0.3),dae_lam0_seed1,e,g,False,0.7467,0.7376,0.7563,0.8675,0.8598,0.8751,10000
condition,noise(sigma=0.3),dae_lam0_seed1,e,d,False,0.5576,0.5426,0.5725,0.8301,0.8200,0.8399,10000
condition,noise(sigma=0.3),dae_lam0_seed1,e,r_A,False,0.5576,0.5426,0.5725,0.8301,0.8200,0.8399,10000
condition,noise(sigma=0.3),dae_lam0_seed1,e,div,False,0.5079,0.4936,0.5238,0.7348,0.7244,0.7460,10000
condition,noise(sigma=0.3),dae_lam0_seed1,e,g_lin,False,0.6354,0.6222,0.6490,0.8459,0.8370,0.8549,10000
condition,noise(sigma=0.3),dae_lam0_seed1,e,sure,False,0.6386,0.6256,0.6519,0.8615,0.8529,0.8700,10000
condition,noise(sigma=0.3),dae_lam0_seed2,e,g,False,0.6995,0.6885,0.7105,0.8390,0.8304,0.8474,10000
condition,noise(sigma=0.3),dae_lam0_seed2,e,d,False,0.5863,0.5724,0.6004,0.8429,0.8339,0.8523,10000
condition,noise(sigma=0.3),dae_lam0_seed2,e,r_A,False,0.5863,0.5724,0.6004,0.8429,0.8339,0.8523,10000
condition,noise(sigma=0.3),dae_lam0_seed2,e,div,False,0.4523,0.4361,0.4690,0.7094,0.6985,0.7204,10000
condition,noise(sigma=0.3),dae_lam0_seed2,e,g_lin,False,0.6834,0.6715,0.6949,0.8528,0.8446,0.8611,10000
condition,noise(sigma=0.3),dae_lam0_seed2,e,sure,False,0.6535,0.6412,0.6659,0.8699,0.8619,0.8780,10000
condition,noise(sigma=0.5),radial,e,g,True,,,,0.5000,0.5000,0.5000,10000
condition,noise(sigma=0.5),radial,e,d,False,0.4773,0.4611,0.4932,0.7937,0.7830,0.8040,10000
condition,noise(sigma=0.5),radial,e,r_A,False,0.4773,0.4611,0.4932,0.7937,0.7830,0.8040,10000
condition,noise(sigma=0.5),radial,e,div,False,-0.4780,-0.4938,-0.4619,0.2053,0.1950,0.2160,10000
condition,noise(sigma=0.5),radial,e,g_lin,True,,,,0.5000,0.5000,0.5000,10000
condition,noise(sigma=0.5),radial,e,sure,False,0.4741,0.4574,0.4904,0.7918,0.7810,0.8018,10000
condition,noise(sigma=0.5),pca64,e,g,True,,,,0.5000,0.5000,0.5000,10000
condition,noise(sigma=0.5),pca64,e,d,False,0.2960,0.2789,0.3136,0.6845,0.6723,0.6961,10000
condition,noise(sigma=0.5),pca64,e,r_A,False,0.2960,0.2789,0.3136,0.6845,0.6723,0.6961,10000
condition,noise(sigma=0.5),pca64,e,div,False,0.0077,-0.0122,0.0254,0.4984,0.4847,0.5118,10000
condition,noise(sigma=0.5),pca64,e,g_lin,True,,,,0.5000,0.5000,0.5000,10000
condition,noise(sigma=0.5),pca64,e,sure,False,0.3108,0.2937,0.3284,0.6922,0.6802,0.7041,10000
condition,noise(sigma=0.5),dae_lam0_seed0,e,g,False,0.7723,0.7635,0.7809,0.8889,0.8821,0.8958,10000
condition,noise(sigma=0.5),dae_lam0_seed0,e,d,False,0.2526,0.2335,0.2710,0.6554,0.6427,0.6682,10000
condition,noise(sigma=0.5),dae_lam0_seed0,e,r_A,False,0.2526,0.2335,0.2710,0.6554,0.6427,0.6682,10000
condition,noise(sigma=0.5),dae_lam0_seed0,e,div,False,0.5779,0.5647,0.5911,0.7790,0.7697,0.7890,10000
condition,noise(sigma=0.5),dae_lam0_seed0,e,g_lin,False,0.7501,0.7414,0.7590,0.8829,0.8758,0.8900,10000
condition,noise(sigma=0.5),dae_lam0_seed0,e,sure,False,0.3934,0.3755,0.4099,0.7246,0.7134,0.7363,10000
condition,noise(sigma=0.5),dae_lam0_seed1,e,g,False,0.6976,0.6868,0.7087,0.8537,0.8456,0.8624,10000
condition,noise(sigma=0.5),dae_lam0_seed1,e,d,False,0.2855,0.2682,0.3051,0.6600,0.6473,0.6733,10000
condition,noise(sigma=0.5),dae_lam0_seed1,e,r_A,False,0.2855,0.2682,0.3051,0.6600,0.6473,0.6733,10000
condition,noise(sigma=0.5),dae_lam0_seed1,e,div,False,0.4589,0.4432,0.4740,0.7188,0.7070,0.7302,10000
condition,noise(sigma=0.5),dae_lam0_seed1,e,g_lin,False,0.0911,0.0718,0.1109,0.5486,0.5368,0.5606,10000
condition,noise(sigma=0.5),dae_lam0_seed1,e,sure,False,0.3941,0.3773,0.4115,0.7100,0.6986,0.7225,10000
condition,noise(sigma=0.5),dae_lam0_seed2,e,g,False,0.6831,0.6721,0.6944,0.8336,0.8243,0.8423,10000
condition,noise(sigma=0.5),dae_lam0_seed2,e,d,False,0.3090,0.2915,0.3285,0.6818,0.6697,0.6944,10000
condition,noise(sigma=0.5),dae_lam0_seed2,e,r_A,False,0.3090,0.2915,0.3285,0.6818,0.6697,0.6944,10000
condition,noise(sigma=0.5),dae_lam0_seed2,e,div,False,0.4350,0.4190,0.4499,0.6991,0.6882,0.7112,10000
condition,noise(sigma=0.5),dae_lam0_seed2,e,g_lin,False,0.4405,0.4233,0.4554,0.7346,0.7241,0.7446,10000
condition,noise(sigma=0.5),dae_lam0_seed2,e,sure,False,0.4081,0.3906,0.4255,0.7268,0.7157,0.7384,10000
condition,blur(std=0.5),radial,e,g,True,,,,0.5000,0.5000,0.5000,10000
condition,blur(std=0.5),radial,e,d,False,0.8913,0.8867,0.8954,0.9700,0.9668,0.9730,10000
condition,blur(std=0.5),radial,e,r_A,False,0.9870,0.9861,0.9878,0.9987,0.9983,0.9990,10000
condition,blur(std=0.5),pca64,e,g,True,,,,0.5000,0.5000,0.5000,10000
condition,blur(std=0.5),pca64,e,d,False,0.9757,0.9746,0.9769,0.9926,0.9915,0.9936,10000
condition,blur(std=0.5),pca64,e,r_A,False,0.9901,0.9896,0.9905,0.9958,0.9951,0.9965,10000
condition,blur(std=0.5),dae_lam0_seed0,e,g,False,0.7077,0.6966,0.7188,0.8528,0.8445,0.8613,10000
condition,blur(std=0.5),dae_lam0_seed0,e,d,False,0.9388,0.9358,0.9416,0.9860,0.9843,0.9876,10000
condition,blur(std=0.5),dae_lam0_seed0,e,r_A,False,0.9837,0.9828,0.9844,0.9947,0.9938,0.9955,10000
condition,blur(std=0.5),dae_lam0_seed1,e,g,False,0.7261,0.7154,0.7367,0.8570,0.8485,0.8656,10000
condition,blur(std=0.5),dae_lam0_seed1,e,d,False,0.9505,0.9482,0.9527,0.9876,0.9859,0.9891,10000
condition,blur(std=0.5),dae_lam0_seed1,e,r_A,False,0.9839,0.9830,0.9846,0.9943,0.9932,0.9952,10000
condition,blur(std=0.5),dae_lam0_seed2,e,g,False,0.6962,0.6852,0.7063,0.8388,0.8302,0.8478,10000
condition,blur(std=0.5),dae_lam0_seed2,e,d,False,0.9542,0.9521,0.9562,0.9891,0.9877,0.9905,10000
condition,blur(std=0.5),dae_lam0_seed2,e,r_A,False,0.9838,0.9829,0.9845,0.9939,0.9930,0.9948,10000
condition,blur(std=1),radial,e,g,True,,,,0.5000,0.5000,0.5000,10000
condition,blur(std=1),radial,e,d,False,0.7090,0.6968,0.7208,0.8692,0.8594,0.8783,10000
condition,blur(std=1),radial,e,r_A,False,0.8757,0.8695,0.8813,0.9428,0.9373,0.9481,10000
condition,blur(std=1),pca64,e,g,True,,,,0.5000,0.5000,0.5000,10000
condition,blur(std=1),pca64,e,d,False,0.6589,0.6466,0.6710,0.8476,0.8387,0.8570,10000
condition,blur(std=1),pca64,e,r_A,False,0.8478,0.8409,0.8550,0.9200,0.9138,0.9259,10000
condition,blur(std=1),dae_lam0_seed0,e,g,False,0.4953,0.4799,0.5112,0.7791,0.7688,0.7895,10000
condition,blur(std=1),dae_lam0_seed0,e,d,False,0.4468,0.4317,0.4631,0.7152,0.7036,0.7259,10000
condition,blur(std=1),dae_lam0_seed0,e,r_A,False,0.8324,0.8251,0.8403,0.9122,0.9055,0.9187,10000
condition,blur(std=1),dae_lam0_seed1,e,g,False,0.4992,0.4840,0.5151,0.7809,0.7710,0.7914,10000
condition,blur(std=1),dae_lam0_seed1,e,d,False,0.4594,0.4443,0.4753,0.7261,0.7144,0.7374,10000
condition,blur(std=1),dae_lam0_seed1,e,r_A,False,0.8414,0.8339,0.8491,0.9169,0.9102,0.9233,10000
condition,blur(std=1),dae_lam0_seed2,e,g,False,0.4372,0.4193,0.4527,0.7502,0.7390,0.7616,10000
condition,blur(std=1),dae_lam0_seed2,e,d,False,0.5078,0.4927,0.5237,0.7606,0.7501,0.7711,10000
condition,blur(std=1),dae_lam0_seed2,e,r_A,False,0.8568,0.8503,0.8635,0.9228,0.9167,0.9289,10000
condition,blur(std=1.5),radial,e,g,True,,,,0.5000,0.5000,0.5000,10000
condition,blur(std=1.5),radial,e,d,False,0.6075,0.5924,0.6221,0.8002,0.7880,0.8122,10000
condition,blur(std=1.5),radial,e,r_A,False,0.7627,0.7531,0.7722,0.8743,0.8662,0.8819,10000
condition,blur(std=1.5),pca64,e,g,True,,,,0.5000,0.5000,0.5000,10000
condition,blur(std=1.5),pca64,e,d,False,0.4522,0.4357,0.4675,0.7118,0.7004,0.7246,10000
condition,blur(std=1.5),pca64,e,r_A,False,0.7576,0.7472,0.7678,0.8597,0.8519,0.8680,10000
condition,blur(std=1.5),dae_lam0_seed0,e,g,False,0.5161,0.5001,0.5320,0.7227,0.7106,0.7338,10000
condition,blur(std=1.5),dae_lam0_seed0,e,d,False,0.6289,0.6166,0.6417,0.7763,0.7661,0.7853,10000
condition,blur(std=1.5),dae_lam0_seed0,e,r_A,False,0.7489,0.7393,0.7588,0.8634,0.8553,0.8715,10000
condition,blur(std=1.5),dae_lam0_seed1,e,g,False,0.4977,0.4811,0.5129,0.7168,0.7044,0.7282,10000
condition,blur(std=1.5),dae_lam0_seed1,e,d,False,0.6173,0.6043,0.6305,0.7661,0.7559,0.7753,10000
condition,blur(std=1.5),dae_lam0_seed1,e,r_A,False,0.7622,0.7528,0.7714,0.8613,0.8533,0.8690,10000
condition,blur(std=1.5),dae_lam0_seed2,e,g,False,0.3580,0.3389,0.3752,0.6582,0.6444,0.6709,10000
condition,blur(std=1.5),dae_lam0_seed2,e,d,False,0.6086,0.5964,0.6222,0.7680,0.7583,0.7783,10000
condition,blur(std=1.5),dae_lam0_seed2,e,r_A,False,0.7542,0.7445,0.7639,0.8691,0.8602,0.8769,10000
condition,blur(std=2),radial,e,g,True,,,,0.5000,0.5000,0.5000,10000
condition,blur(std=2),radial,e,d,False,0.5722,0.5567,0.5880,0.7736,0.7606,0.7848,10000
condition,blur(std=2),radial,e,r_A,False,0.6273,0.6143,0.6403,0.8206,0.8107,0.8296,10000
condition,blur(std=2),pca64,e,g,True,,,,0.5000,0.5000,0.5000,10000
condition,blur(std=2),pca64,e,d,False,0.4424,0.4260,0.4574,0.6803,0.6693,0.6928,10000
condition,blur(std=2),pca64,e,r_A,False,0.7284,0.7187,0.7383,0.8124,0.8034,0.8210,10000
condition,blur(std=2),dae_lam0_seed0,e,g,False,0.6637,0.6519,0.6758,0.7736,0.7639,0.7831,10000
condition,blur(std=2),dae_lam0_seed0,e,d,False,0.7626,0.7536,0.7712,0.8223,0.8135,0.8306,10000
condition,blur(std=2),dae_lam0_seed0,e,r_A,False,0.7780,0.7692,0.7867,0.8415,0.8329,0.8497,10000
condition,blur(std=2),dae_lam0_seed1,e,g,False,0.6373,0.6247,0.6494,0.7640,0.7539,0.7738,10000
condition,blur(std=2),dae_lam0_seed1,e,d,False,0.7443,0.7344,0.7538,0.8113,0.8023,0.8201,10000
condition,blur(std=2),dae_lam0_seed1,e,r_A,False,0.7710,0.7618,0.7797,0.8312,0.8229,0.8396,10000
condition,blur(std=2),dae_lam0_seed2,e,g,False,0.4976,0.4811,0.5129,0.6951,0.6830,0.7055,10000
condition,blur(std=2),dae_lam0_seed2,e,d,False,0.7186,0.7080,0.7289,0.8030,0.7932,0.8118,10000
condition,blur(std=2),dae_lam0_seed2,e,r_A,False,0.7435,0.7336,0.7531,0.8226,0.8136,0.8313,10000
condition,pixel_mask(drop=0.25),radial,e,g,True,,,,0.5000,0.5000,0.5000,10000
condition,pixel_mask(drop=0.25),radial,e,d,False,0.6181,0.6036,0.6326,0.8578,0.8482,0.8670,10000
condition,pixel_mask(drop=0.25),radial,e,r_A,False,0.6043,0.5895,0.6196,0.8570,0.8477,0.8666,10000
condition,pixel_mask(drop=0.25),pca64,e,g,True,,,,0.5000,0.5000,0.5000,10000
condition,pixel_mask(drop=0.25),pca64,e,d,False,0.9817,0.9808,0.9824,0.9903,0.9889,0.9916,10000
condition,pixel_mask(drop=0.25),pca64,e,r_A,False,0.9929,0.9926,0.9932,0.9958,0.9951,0.9965,10000
condition,pixel_mask(drop=0.25),dae_lam0_seed0,e,g,False,0.7263,0.7167,0.7359,0.8715,0.8642,0.8790,10000
condition,pixel_mask(drop=0.25),dae_lam0_seed0,e,d,False,0.9712,0.9699,0.9724,0.9851,0.9833,0.9868,10000
condition,pixel_mask(drop=0.25),dae_lam0_seed0,e,r_A,False,0.9940,0.9938,0.9942,0.9967,0.9961,0.9972,10000
condition,pixel_mask(drop=0.25),dae_lam0_seed1,e,g,False,0.6962,0.6859,0.7064,0.8677,0.8609,0.8750,10000
condition,pixel_mask(drop=0.25),dae_lam0_seed1,e,d,False,0.9678,0.9664,0.9691,0.9851,0.9834,0.9868,10000
condition,pixel_mask(drop=0.25),dae_lam0_seed1,e,r_A,False,0.9938,0.9935,0.9940,0.9970,0.9964,0.9976,10000
condition,pixel_mask(drop=0.25),dae_lam0_seed2,e,g,False,0.4797,0.4665,0.4946,0.7542,0.7446,0.7648,10000
condition,pixel_mask(drop=0.25),dae_lam0_seed2,e,d,False,0.9605,0.9587,0.9621,0.9809,0.9788,0.9829,10000
condition,pixel_mask(drop=0.25),dae_lam0_seed2,e,r_A,False,0.9930,0.9927,0.9933,0.9962,0.9955,0.9969,10000
condition,pixel_mask(drop=0.5),radial,e,g,True,,,,0.5000,0.5000,0.5000,10000
condition,pixel_mask(drop=0.5),radial,e,d,False,0.4504,0.4334,0.4685,0.8379,0.8283,0.8478,10000
condition,pixel_mask(drop=0.5),radial,e,r_A,False,0.4419,0.4243,0.4601,0.8347,0.8251,0.8446,10000
condition,pixel_mask(drop=0.5),pca64,e,g,True,,,,0.5000,0.5000,0.5000,10000
condition,pixel_mask(drop=0.5),pca64,e,d,False,0.9891,0.9886,0.9895,0.9938,0.9929,0.9948,10000
condition,pixel_mask(drop=0.5),pca64,e,r_A,False,0.9891,0.9887,0.9895,0.9933,0.9923,0.9943,10000
condition,pixel_mask(drop=0.5),dae_lam0_seed0,e,g,False,0.7681,0.7594,0.7774,0.9073,0.9016,0.9129,10000
condition,pixel_mask(drop=0.5),dae_lam0_seed0,e,d,False,0.9841,0.9834,0.9847,0.9920,0.9910,0.9932,10000
condition,pixel_mask(drop=0.5),dae_lam0_seed0,e,r_A,False,0.9899,0.9895,0.9902,0.9945,0.9937,0.9954,10000
condition,pixel_mask(drop=0.5),dae_lam0_seed1,e,g,False,0.6691,0.6564,0.6826,0.8743,0.8676,0.8816,10000
condition,pixel_mask(drop=0.5),dae_lam0_seed1,e,d,False,0.9835,0.9828,0.9841,0.9915,0.9903,0.9926,10000
condition,pixel_mask(drop=0.5),dae_lam0_seed1,e,r_A,False,0.9896,0.9892,0.9900,0.9942,0.9934,0.9951,10000
condition,pixel_mask(drop=0.5),dae_lam0_seed2,e,g,False,0.5100,0.4954,0.5248,0.7821,0.7733,0.7911,10000
condition,pixel_mask(drop=0.5),dae_lam0_seed2,e,d,False,0.9810,0.9802,0.9817,0.9902,0.9889,0.9915,10000
condition,pixel_mask(drop=0.5),dae_lam0_seed2,e,r_A,False,0.9886,0.9881,0.9890,0.9935,0.9926,0.9944,10000
condition,pixel_mask(drop=0.75),radial,e,g,True,,,,0.5000,0.5000,0.5000,10000
condition,pixel_mask(drop=0.75),radial,e,d,False,0.4395,0.4228,0.4571,0.8290,0.8197,0.8385,10000
condition,pixel_mask(drop=0.75),radial,e,r_A,False,0.4215,0.4046,0.4398,0.8200,0.8103,0.8299,10000
condition,pixel_mask(drop=0.75),pca64,e,g,True,,,,0.5000,0.5000,0.5000,10000
condition,pixel_mask(drop=0.75),pca64,e,d,False,0.9751,0.9740,0.9759,0.9857,0.9841,0.9874,10000
condition,pixel_mask(drop=0.75),pca64,e,r_A,False,0.9757,0.9747,0.9766,0.9854,0.9837,0.9872,10000
condition,pixel_mask(drop=0.75),dae_lam0_seed0,e,g,False,0.6591,0.6460,0.6722,0.8432,0.8345,0.8514,10000
condition,pixel_mask(drop=0.75),dae_lam0_seed0,e,d,False,0.9663,0.9649,0.9675,0.9811,0.9791,0.9831,10000
condition,pixel_mask(drop=0.75),dae_lam0_seed0,e,r_A,False,0.9759,0.9749,0.9768,0.9858,0.9842,0.9874,10000
condition,pixel_mask(drop=0.75),dae_lam0_seed1,e,g,False,0.6728,0.6602,0.6855,0.8440,0.8357,0.8528,10000
condition,pixel_mask(drop=0.75),dae_lam0_seed1,e,d,False,0.9678,0.9666,0.9690,0.9825,0.9807,0.9844,10000
condition,pixel_mask(drop=0.75),dae_lam0_seed1,e,r_A,False,0.9756,0.9746,0.9765,0.9860,0.9843,0.9876,10000
condition,pixel_mask(drop=0.75),dae_lam0_seed2,e,g,False,0.6821,0.6701,0.6943,0.8210,0.8125,0.8295,10000
condition,pixel_mask(drop=0.75),dae_lam0_seed2,e,d,False,0.9659,0.9647,0.9672,0.9806,0.9785,0.9827,10000
condition,pixel_mask(drop=0.75),dae_lam0_seed2,e,r_A,False,0.9741,0.9730,0.9751,0.9849,0.9832,0.9867,10000
condition,box_mask(size=8),radial,e,g,True,,,,0.5000,0.5000,0.5000,10000
condition,box_mask(size=8),radial,e,d,False,0.7365,0.7265,0.7460,0.9375,0.9326,0.9424,10000
condition,box_mask(size=8),radial,e,r_A,False,0.7207,0.7103,0.7306,0.9330,0.9280,0.9382,10000
condition,box_mask(size=8),pca64,e,g,True,,,,0.5000,0.5000,0.5000,10000
condition,box_mask(size=8),pca64,e,d,False,0.9123,0.9085,0.9159,0.9450,0.9410,0.9493,10000
condition,box_mask(size=8),pca64,e,r_A,False,0.8605,0.8551,0.8661,0.9208,0.9158,0.9261,10000
condition,box_mask(size=8),dae_lam0_seed0,e,g,False,0.8312,0.8242,0.8379,0.8929,0.8859,0.8998,10000
condition,box_mask(size=8),dae_lam0_seed0,e,d,False,0.8377,0.8302,0.8444,0.8913,0.8847,0.8981,10000
condition,box_mask(size=8),dae_lam0_seed0,e,r_A,False,0.7708,0.7618,0.7801,0.8624,0.8555,0.8701,10000
condition,box_mask(size=8),dae_lam0_seed1,e,g,False,0.8217,0.8146,0.8285,0.8917,0.8852,0.8980,10000
condition,box_mask(size=8),dae_lam0_seed1,e,d,False,0.8479,0.8409,0.8543,0.9012,0.8949,0.9078,10000
condition,box_mask(size=8),dae_lam0_seed1,e,r_A,False,0.7890,0.7807,0.7973,0.8746,0.8672,0.8824,10000
condition,box_mask(size=8),dae_lam0_seed2,e,g,False,0.8229,0.8158,0.8296,0.8938,0.8871,0.9001,10000
condition,box_mask(size=8),dae_lam0_seed2,e,d,False,0.8657,0.8598,0.8713,0.9065,0.9002,0.9127,10000
condition,box_mask(size=8),dae_lam0_seed2,e,r_A,False,0.8189,0.8115,0.8264,0.8917,0.8851,0.8981,10000
condition,box_mask(size=14),radial,e,g,True,,,,0.5000,0.5000,0.5000,10000
condition,box_mask(size=14),radial,e,d,False,0.6247,0.6118,0.6376,0.8878,0.8800,0.8951,10000
condition,box_mask(size=14),radial,e,r_A,False,0.6136,0.6007,0.6269,0.8857,0.8778,0.8931,10000
condition,box_mask(size=14),pca64,e,g,True,,,,0.5000,0.5000,0.5000,10000
condition,box_mask(size=14),pca64,e,d,False,0.7428,0.7334,0.7526,0.8643,0.8571,0.8717,10000
condition,box_mask(size=14),pca64,e,r_A,False,0.6765,0.6651,0.6880,0.8365,0.8289,0.8448,10000
condition,box_mask(size=14),dae_lam0_seed0,e,g,False,0.7225,0.7127,0.7326,0.8512,0.8427,0.8595,10000
condition,box_mask(size=14),dae_lam0_seed0,e,d,False,0.6645,0.6536,0.6761,0.8214,0.8127,0.8306,10000
condition,box_mask(size=14),dae_lam0_seed0,e,r_A,False,0.6007,0.5876,0.6143,0.7909,0.7818,0.8007,10000
condition,box_mask(size=14),dae_lam0_seed1,e,g,False,0.7179,0.7079,0.7281,0.8568,0.8491,0.8650,10000
condition,box_mask(size=14),dae_lam0_seed1,e,d,False,0.6658,0.6544,0.6775,0.8279,0.8193,0.8370,10000
condition,box_mask(size=14),dae_lam0_seed1,e,r_A,False,0.6151,0.6027,0.6288,0.8052,0.7961,0.8152,10000
condition,box_mask(size=14),dae_lam0_seed2,e,g,False,0.6918,0.6810,0.7027,0.8536,0.8452,0.8619,10000
condition,box_mask(size=14),dae_lam0_seed2,e,d,False,0.7428,0.7337,0.7525,0.8740,0.8666,0.8813,10000
condition,box_mask(size=14),dae_lam0_seed2,e,r_A,False,0.6969,0.6865,0.7082,0.8549,0.8469,0.8628,10000
family,noise,radial,e,g,True,,,,0.5000,0.5000,0.5000,40000
family,noise,radial,e,d,False,0.8277,0.8249,0.8306,0.9990,0.9987,0.9992,40000
family,noise,radial,e,r_A,False,0.8277,0.8249,0.8306,0.9990,0.9987,0.9992,40000
family,noise,radial,e,div,False,-0.8305,-0.8330,-0.8280,0.0009,0.0007,0.0012,40000
family,noise,radial,e,g_lin,True,,,,0.5000,0.5000,0.5000,40000
family,noise,radial,e,sure,False,0.9814,0.9810,0.9818,0.9994,0.9992,0.9995,40000
family,noise,radial,e,g@level,True,,,,0.5000,,,40000
family,noise,radial,e,d@level,False,0.9645,,,0.9982,,,40000
family,noise,radial,e,r_A@level,False,0.9645,,,0.9982,,,40000
family,noise,radial,e,div@level,False,-0.9645,,,0.0018,,,40000
family,noise,radial,e,g_lin@level,True,,,,0.5000,,,40000
family,noise,radial,e,sure@level,False,0.9645,,,0.9982,,,40000
family,noise,pca64,e,g,True,,,,0.5000,0.5000,0.5000,40000
family,noise,pca64,e,d,False,0.8620,0.8590,0.8646,0.9396,0.9361,0.9427,40000
family,noise,pca64,e,r_A,False,0.8620,0.8590,0.8646,0.9396,0.9361,0.9427,40000
family,noise,pca64,e,div,False,0.0002,-0.0107,0.0111,0.5006,0.4950,0.5060,40000
family,noise,pca64,e,g_lin,True,,,,0.5000,0.5000,0.5000,40000
family,noise,pca64,e,sure,False,0.8288,0.8242,0.8333,0.8874,0.8832,0.8919,40000
family,noise,pca64,e,g@level,True,,,,0.5000,,,40000
family,noise,pca64,e,d@level,False,0.7750,,,0.9068,,,40000
family,noise,pca64,e,r_A@level,False,0.7750,,,0.9068,,,40000
family,noise,pca64,e,div@level,True,,,,0.5000,,,40000
family,noise,pca64,e,g_lin@level,True,,,,0.5000,,,40000
family,noise,pca64,e,sure@level,False,0.7750,,,0.9068,,,40000
family,noise,dae_lam0_seed0,e,g,False,0.8096,0.8044,0.8151,0.8985,0.8941,0.9034,40000
family,noise,dae_lam0_seed0,e,d,False,0.5758,0.5709,0.5804,0.7761,0.7716,0.7810,40000
family,noise,dae_lam0_seed0,e,r_A,False,0.5758,0.5709,0.5804,0.7761,0.7716,0.7810,40000
family,noise,dae_lam0_seed0,e,div,False,0.5141,0.5028,0.5256,0.7557,0.7488,0.7632,40000
family,noise,dae_lam0_seed0,e,g_lin,False,0.7960,0.7922,0.8000,0.8935,0.8900,0.8976,40000
family,noise,dae_lam0_seed0,e,sure,False,0.7004,0.6933,0.7073,0.8507,0.8456,0.8561,40000
family,noise,dae_lam0_seed0,e,g@level,False,0.4469,,,0.7102,,,40000
family,noise,dae_lam0_seed0,e,d@level,False,0.4469,,,0.7102,,,40000
family,noise,dae_lam0_seed0,e,r_A@level,False,0.4469,,,0.7102,,,40000
family,noise,dae_lam0_seed0,e,div@level,False,0.4469,,,0.7102,,,40000
family,noise,dae_lam0_seed0,e,g_lin@level,False,0.4469,,,0.7102,,,40000
family,noise,dae_lam0_seed0,e,sure@level,False,0.4469,,,0.7102,,,40000
family,noise,dae_lam0_seed1,e,g,False,0.8177,0.8127,0.8227,0.8958,0.8915,0.9004,40000
family,noise,dae_lam0_seed1,e,d,False,0.6164,0.6121,0.6208,0.7956,0.7911,0.8001,40000
family,noise,dae_lam0_seed1,e,r_A,False,0.6164,0.6121,0.6208,0.7956,0.7911,0.8001,40000
family,noise,dae_lam0_seed1,e,div,False,0.4493,0.4375,0.4615,0.7197,0.7134,0.7273,40000
family,noise,dae_lam0_seed1,e,g_lin,False,0.7424,0.7385,0.7468,0.8471,0.8432,0.8510,40000
family,noise,dae_lam0_seed1,e,sure,False,0.7185,0.7120,0.7252,0.8549,0.8500,0.8600,40000
family,noise,dae_lam0_seed1,e,g@level,False,0.4888,,,0.7312,,,40000
family,noise,dae_lam0_seed1,e,d@level,False,0.4888,,,0.7312,,,40000
family,noise,dae_lam0_seed1,e,r_A@level,False,0.4888,,,0.7312,,,40000
family,noise,dae_lam0_seed1,e,div@level,False,0.4888,,,0.7312,,,40000
family,noise,dae_lam0_seed1,e,g_lin@level,False,0.4888,,,0.7312,,,40000
family,noise,dae_lam0_seed1,e,sure@level,False,0.4888,,,0.7312,,,40000
family,noise,dae_lam0_seed2,e,g,False,0.7797,0.7736,0.7862,0.8738,0.8688,0.8790,40000
family,noise,dae_lam0_seed2,e,d,False,0.5777,0.5732,0.5822,0.7757,0.7714,0.7801,40000
family,noise,dae_lam0_seed2,e,r_A,False,0.5777,0.5732,0.5822,0.7757,0.7714,0.7801,40000
family,noise,dae_lam0_seed2,e,div,False,0.4031,0.3908,0.4165,0.6949,0.6876,0.7029,40000
family,noise,dae_lam0_seed2,e,g_lin,False,0.7294,0.7248,0.7343,0.8470,0.8429,0.8513,40000
family,noise,dae_lam0_seed2,e,sure,False,0.7143,0.7078,0.7211,0.8549,0.8499,0.8603,40000
family,noise,dae_lam0_seed2,e,g@level,False,0.4404,,,0.7056,,,40000
family,noise,dae_lam0_seed2,e,d@level,False,0.4404,,,0.7056,,,40000
family,noise,dae_lam0_seed2,e,r_A@level,False,0.4404,,,0.7056,,,40000
family,noise,dae_lam0_seed2,e,div@level,False,0.4404,,,0.7056,,,40000
family,noise,dae_lam0_seed2,e,g_lin@level,False,0.4404,,,0.7056,,,40000
family,noise,dae_lam0_seed2,e,sure@level,False,0.4404,,,0.7056,,,40000
family,blur,radial,e,g,True,,,,0.5000,0.5000,0.5000,40000
family,blur,radial,e,d,False,0.6732,0.6639,0.6822,0.8214,0.8149,0.8279,40000
family,blur,radial,e,r_A,False,0.7266,0.7204,0.7331,0.8442,0.8393,0.8490,40000
family,blur,radial,e,g@level,True,,,,0.5000,,,40000
family,blur,radial,e,d@level,False,0.7601,,,0.8258,,,40000
family,blur,radial,e,r_A@level,False,0.7601,,,0.8258,,,40000
family,blur,pca64,e,g,True,,,,0.5000,0.5000,0.5000,40000
family,blur,pca64,e,d,False,-0.1442,-0.1575,-0.1303,0.4404,0.4319,0.4490,40000
family,blur,pca64,e,r_A,False,0.3962,0.3860,0.4068,0.7325,0.7262,0.7384,40000
family,blur,pca64,e,g@level,True,,,,0.5000,,,40000
family,blur,pca64,e,d@level,False,-0.6172,,,0.2071,,,40000
family,blur,pca64,e,r_A@level,False,-0.1220,,,0.5242,,,40000
family,blur,dae_lam0_seed0,e,g,False,0.7519,0.7460,0.7582,0.8708,0.8661,0.8755,40000
family,blur,dae_lam0_seed0,e,d,False,0.6536,0.6470,0.6599,0.8273,0.8226,0.8321,40000
family,blur,dae_lam0_seed0,e,r_A,False,0.6369,0.6298,0.6448,0.8500,0.8453,0.8546,40000
family,blur,dae_lam0_seed0,e,g@level,False,0.7237,,,0.8399,,,40000
family,blur,dae_lam0_seed0,e,d@level,False,0.6062,,,0.7209,,,40000
family,blur,dae_lam0_seed0,e,r_A@level,False,0.2982,,,0.7499,,,40000
family,blur,dae_lam0_seed1,e,g,False,0.7536,0.7477,0.7599,0.8674,0.8627,0.8719,40000
family,blur,dae_lam0_seed1,e,d,False,0.6775,0.6714,0.6838,0.8298,0.8251,0.8346,40000
family,blur,dae_lam0_seed1,e,r_A,False,0.6612,0.6543,0.6686,0.8529,0.8483,0.8577,40000
family,blur,dae_lam0_seed1,e,g@level,False,0.7188,,,0.8393,,,40000
family,blur,dae_lam0_seed1,e,d@level,False,0.6006,,,0.7190,,,40000
family,blur,dae_lam0_seed1,e,r_A@level,False,0.2968,,,0.7507,,,40000
family,blur,dae_lam0_seed2,e,g,False,0.6979,0.6897,0.7053,0.8246,0.8187,0.8297,40000
family,blur,dae_lam0_seed2,e,d,False,0.7036,0.6974,0.7101,0.8428,0.8379,0.8475,40000
family,blur,dae_lam0_seed2,e,r_A,False,0.6645,0.6578,0.6721,0.8414,0.8366,0.8460,40000
family,blur,dae_lam0_seed2,e,g@level,False,0.6767,,,0.8138,,,40000
family,blur,dae_lam0_seed2,e,d@level,False,0.6767,,,0.8138,,,40000
family,blur,dae_lam0_seed2,e,r_A@level,False,0.2826,,,0.7253,,,40000
family,pixel_mask,radial,e,g,True,,,,0.5000,0.5000,0.5000,30000
family,pixel_mask,radial,e,d,False,0.5225,0.5131,0.5331,0.7872,0.7824,0.7921,30000
family,pixel_mask,radial,e,r_A,False,0.0861,0.0734,0.0997,0.5636,0.5569,0.5706,30000
family,pixel_mask,radial,e,g@level,True,,,,0.5000,,,30000
family,pixel_mask,radial,e,d@level,False,0.6045,,,0.7950,,,30000
family,pixel_mask,radial,e,r_A@level,False,-0.6045,,,0.2050,,,30000
family,pixel_mask,pca64,e,g,True,,,,0.5000,0.5000,0.5000,30000
family,pixel_mask,pca64,e,d,False,0.6457,0.6389,0.6529,0.7966,0.7907,0.8026,30000
family,pixel_mask,pca64,e,r_A,False,0.4504,0.4407,0.4606,0.7005,0.6937,0.7079,30000
family,pixel_mask,pca64,e,g@level,True,,,,0.5000,,,30000
family,pixel_mask,pca64,e,d@level,False,-0.2326,,,0.3392,,,30000
family,pixel_mask,pca64,e,r_A@level,False,-0.5943,,,0.1987,,,30000
family,pixel_mask,dae_lam0_seed0,e,g,False,0.5640,0.5563,0.5723,0.7687,0.7635,0.7744,30000
family,pixel_mask,dae_lam0_seed0,e,d,False,0.5400,0.5324,0.5480,0.7592,0.7526,0.7658,30000
family,pixel_mask,dae_lam0_seed0,e,r_A,False,0.5490,0.5413,0.5571,0.7720,0.7658,0.7786,30000
family,pixel_mask,dae_lam0_seed0,e,g@level,False,0.4084,,,0.6354,,,30000
family,pixel_mask,dae_lam0_seed0,e,d@level,False,-0.2511,,,0.3280,,,30000
family,pixel_mask,dae_lam0_seed0,e,r_A@level,False,-0.2511,,,0.3280,,,30000
family,pixel_mask,dae_lam0_seed1,e,g,False,0.6179,0.6108,0.6257,0.8026,0.7976,0.8080,30000
family,pixel_mask,dae_lam0_seed1,e,d,False,0.5536,0.5464,0.5614,0.7691,0.7628,0.7754,30000
family,pixel_mask,dae_lam0_seed1,e,r_A,False,0.5439,0.5361,0.5520,0.7699,0.7637,0.7765,30000
family,pixel_mask,dae_lam0_seed1,e,g@level,False,0.6608,,,0.8074,,,30000
family,pixel_mask,dae_lam0_seed1,e,d@level,False,-0.2475,,,0.3283,,,30000
family,pixel_mask,dae_lam0_seed1,e,r_A@level,False,-0.2475,,,0.3283,,,30000
family,pixel_mask,dae_lam0_seed2,e,g,False,0.5775,0.5693,0.5865,0.7968,0.7920,0.8025,30000
family,pixel_mask,dae_lam0_seed2,e,d,False,0.5440,0.5368,0.5520,0.7674,0.7612,0.7742,30000
family,pixel_mask,dae_lam0_seed2,e,r_A,False,0.5186,0.5108,0.5272,0.7571,0.7506,0.7642,30000
family,pixel_mask,dae_lam0_seed2,e,g@level,False,0.6737,,,0.8125,,,30000
family,pixel_mask,dae_lam0_seed2,e,d@level,False,-0.2593,,,0.3179,,,30000
family,pixel_mask,dae_lam0_seed2,e,r_A@level,False,-0.2593,,,0.3179,,,30000
family,box_mask,radial,e,g,True,,,,0.5000,0.5000,0.5000,20000
family,box_mask,radial,e,d,False,0.5931,0.5837,0.6030,0.7843,0.7768,0.7921,20000
family,box_mask,radial,e,r_A,False,0.4643,0.4537,0.4759,0.7144,0.7065,0.7228,20000
family,box_mask,radial,e,g@level,True,,,,0.5000,,,20000
family,box_mask,radial,e,d@level,False,0.5938,,,0.7803,,,20000
family,box_mask,radial,e,r_A@level,False,-0.5938,,,0.2197,,,20000
family,box_mask,pca64,e,g,True,,,,0.5000,0.5000,0.5000,20000
family,box_mask,pca64,e,d,False,0.6546,0.6464,0.6624,0.7720,0.7654,0.7789,20000
family,box_mask,pca64,e,r_A,False,0.4140,0.4024,0.4250,0.6385,0.6308,0.6470,20000
family,box_mask,pca64,e,g@level,True,,,,0.5000,,,20000
family,box_mask,pca64,e,d@level,False,-0.5722,,,0.2020,,,20000
family,box_mask,pca64,e,r_A@level,False,-0.5722,,,0.2020,,,20000
family,box_mask,dae_lam0_seed0,e,g,False,0.6861,0.6781,0.6936,0.8097,0.8040,0.8158,20000
family,box_mask,dae_lam0_seed0,e,d,False,0.5366,0.5266,0.5459,0.7148,0.7077,0.7224,20000
family,box_mask,dae_lam0_seed0,e,r_A,False,0.4363,0.4252,0.4472,0.6618,0.6538,0.6697,20000
family,box_mask,dae_lam0_seed0,e,g@level,False,0.6222,,,0.8160,,,20000
family,box_mask,dae_lam0_seed0,e,d@level,False,-0.6222,,,0.1840,,,20000
family,box_mask,dae_lam0_seed0,e,r_A@level,False,-0.6222,,,0.1840,,,20000
family,box_mask,dae_lam0_seed1,e,g,False,0.6877,0.6802,0.6954,0.8126,0.8065,0.8186,20000
family,box_mask,dae_lam0_seed1,e,d,False,0.5537,0.5437,0.5630,0.7206,0.7132,0.7282,20000
family,box_mask,dae_lam0_seed1,e,r_A,False,0.4588,0.4477,0.4698,0.6717,0.6639,0.6795,20000
family,box_mask,dae_lam0_seed1,e,g@level,False,0.6160,,,0.8155,,,20000
family,box_mask,dae_lam0_seed1,e,d@level,False,-0.6160,,,0.1845,,,20000
family,box_mask,dae_lam0_seed1,e,r_A@level,False,-0.6160,,,0.1845,,,20000
family,box_mask,dae_lam0_seed2,e,g,False,0.6809,0.6731,0.6883,0.8012,0.7946,0.8076,20000
family,box_mask,dae_lam0_seed2,e,d,False,0.6244,0.6162,0.6326,0.7733,0.7664,0.7797,20000
family,box_mask,dae_lam0_seed2,e,r_A,False,0.5498,0.5399,0.5593,0.7354,0.7277,0.7425,20000
family,box_mask,dae_lam0_seed2,e,g@level,False,0.6182,,,0.8148,,,20000
family,box_mask,dae_lam0_seed2,e,d@level,False,0.6182,,,0.8148,,,20000
family,box_mask,dae_lam0_seed2,e,r_A@level,False,-0.6182,,,0.1852,,,20000
all,all,radial,e,g,True,,,,0.5000,0.5000,0.5000,130000
all,all,radial,e,d,False,0.5739,0.5687,0.5794,0.8096,0.8067,0.8126,130000
all,all,radial,e,r_A,False,0.3766,0.3713,0.3818,0.7149,0.7115,0.7183,130000
all,all,radial,e,g@level,True,,,,0.5000,,,130000
all,all,radial,e,d@level,False,0.5055,,,0.7750,,,130000
all,all,radial,e,r_A@level,False,0.2431,,,0.6469,,,130000
all,all,pca64,e,g,True,,,,0.5000,0.5000,0.5000,130000
all,all,pca64,e,d,False,0.3638,0.3605,0.3672,0.6779,0.6755,0.6803,130000
all,all,pca64,e,r_A,False,0.2458,0.2411,0.2504,0.5844,0.5819,0.5870,130000
all,all,pca64,e,g@level,True,,,,0.5000,,,130000
all,all,pca64,e,d@level,False,0.2059,,,0.5942,,,130000
all,all,pca64,e,r_A@level,False,0.0803,,,0.5089,,,130000
all,all,dae_lam0_seed0,e,g,False,0.5185,0.5137,0.5239,0.6762,0.6726,0.6802,130000
all,all,dae_lam0_seed0,e,d,False,0.1051,0.1010,0.1092,0.5749,0.5725,0.5772,130000
all,all,dae_lam0_seed0,e,r_A,False,0.0103,0.0065,0.0141,0.5272,0.5249,0.5294,130000
all,all,dae_lam0_seed0,e,g@level,False,0.3986,,,0.6157,,,130000
all,all,dae_lam0_seed0,e,d@level,False,-0.0212,,,0.4999,,,130000
all,all,dae_lam0_seed0,e,r_A@level,False,-0.1170,,,0.4727,,,130000
all,all,dae_lam0_seed1,e,g,False,0.5580,0.5531,0.5627,0.7031,0.6996,0.7070,130000
all,all,dae_lam0_seed1,e,d,False,0.1245,0.1208,0.1287,0.5783,0.5760,0.5805,130000
all,all,dae_lam0_seed1,e,r_A,False,0.0228,0.0192,0.0266,0.5259,0.5236,0.5281,130000
all,all,dae_lam0_seed1,e,g@level,False,0.4540,,,0.6510,,,130000
all,all,dae_lam0_seed1,e,d@level,False,-0.0110,,,0.4998,,,130000
all,all,dae_lam0_seed1,e,r_A@level,False,-0.1059,,,0.4735,,,130000
all,all,dae_lam0_seed2,e,g,False,0.5660,0.5604,0.5715,0.7057,0.7016,0.7098,130000
all,all,dae_lam0_seed2,e,d,False,0.1388,0.1347,0.1428,0.5874,0.5851,0.5896,130000
all,all,dae_lam0_seed2,e,r_A,False,0.0284,0.0245,0.0321,0.5310,0.5286,0.5331,130000
all,all,dae_lam0_seed2,e,g@level,False,0.5306,,,0.7195,,,130000
all,all,dae_lam0_seed2,e,d@level,False,0.0218,,,0.5297,,,130000
all,all,dae_lam0_seed2,e,r_A@level,False,-0.1279,,,0.4538,,,130000
condition,noise(sigma=0.1),radial,e_mse,g,True,,,,0.5000,,,10000
condition,noise(sigma=0.1),radial,e_mse,d,False,0.5082,,,0.8681,,,10000
condition,noise(sigma=0.1),radial,e_mse,r_A,False,0.5082,,,0.8681,,,10000
condition,noise(sigma=0.1),radial,e_mse,div,False,0.3211,,,0.7038,,,10000
condition,noise(sigma=0.1),radial,e_mse,g_lin,True,,,,0.5000,,,10000
condition,noise(sigma=0.1),radial,e_mse,sure,False,0.9391,,,0.9975,,,10000
condition,noise(sigma=0.1),pca64,e_mse,g,True,,,,0.5000,,,10000
condition,noise(sigma=0.1),pca64,e_mse,d,False,0.9704,,,0.9922,,,10000
condition,noise(sigma=0.1),pca64,e_mse,r_A,False,0.9704,,,0.9922,,,10000
condition,noise(sigma=0.1),pca64,e_mse,div,False,0.0011,,,0.4995,,,10000
condition,noise(sigma=0.1),pca64,e_mse,g_lin,True,,,,0.5000,,,10000
condition,noise(sigma=0.1),pca64,e_mse,sure,False,0.9826,,,0.9961,,,10000
condition,noise(sigma=0.1),dae_lam0_seed0,e_mse,g,False,0.7708,,,0.8826,,,10000
condition,noise(sigma=0.1),dae_lam0_seed0,e_mse,d,False,0.9564,,,0.9855,,,10000
condition,noise(sigma=0.1),dae_lam0_seed0,e_mse,r_A,False,0.9564,,,0.9855,,,10000
condition,noise(sigma=0.1),dae_lam0_seed0,e_mse,div,False,0.4155,,,0.7021,,,10000
condition,noise(sigma=0.1),dae_lam0_seed0,e_mse,g_lin,False,0.8156,,,0.9142,,,10000
condition,noise(sigma=0.1),dae_lam0_seed0,e_mse,sure,False,0.9834,,,0.9965,,,10000
condition,noise(sigma=0.1),dae_lam0_seed1,e_mse,g,False,0.7730,,,0.8859,,,10000
condition,noise(sigma=0.1),dae_lam0_seed1,e_mse,d,False,0.9578,,,0.9861,,,10000
condition,noise(sigma=0.1),dae_lam0_seed1,e_mse,r_A,False,0.9578,,,0.9861,,,10000
condition,noise(sigma=0.1),dae_lam0_seed1,e_mse,div,False,0.3768,,,0.6838,,,10000
condition,noise(sigma=0.1),dae_lam0_seed1,e_mse,g_lin,False,0.8120,,,0.9115,,,10000
condition,noise(sigma=0.1),dae_lam0_seed1,e_mse,sure,False,0.9844,,,0.9970,,,10000
condition,noise(sigma=0.1),dae_lam0_seed2,e_mse,g,False,0.7727,,,0.8783,,,10000
condition,noise(sigma=0.1),dae_lam0_seed2,e_mse,d,False,0.9608,,,0.9864,,,10000
condition,noise(sigma=0.1),dae_lam0_seed2,e_mse,r_A,False,0.9608,,,0.9864,,,10000
condition,noise(sigma=0.1),dae_lam0_seed2,e_mse,div,False,0.3261,,,0.6549,,,10000
condition,noise(sigma=0.1),dae_lam0_seed2,e_mse,g_lin,False,0.8028,,,0.9028,,,10000
condition,noise(sigma=0.1),dae_lam0_seed2,e_mse,sure,False,0.9860,,,0.9968,,,10000
condition,noise(sigma=0.2),radial,e_mse,g,True,,,,0.5000,,,10000
condition,noise(sigma=0.2),radial,e_mse,d,False,-0.4929,,,0.1866,,,10000
condition,noise(sigma=0.2),radial,e_mse,r_A,False,-0.4929,,,0.1866,,,10000
condition,noise(sigma=0.2),radial,e_mse,div,False,0.5045,,,0.8184,,,10000
condition,noise(sigma=0.2),radial,e_mse,g_lin,True,,,,0.5000,,,10000
condition,noise(sigma=0.2),radial,e_mse,sure,False,0.8280,,,0.9847,,,10000
condition,noise(sigma=0.2),pca64,e_mse,g,True,,,,0.5000,,,10000
condition,noise(sigma=0.2),pca64,e_mse,d,False,0.8572,,,0.9628,,,10000
condition,noise(sigma=0.2),pca64,e_mse,r_A,False,0.8572,,,0.9628,,,10000
condition,noise(sigma=0.2),pca64,e_mse,div,False,-0.0002,,,0.5014,,,10000
condition,noise(sigma=0.2),pca64,e_mse,g_lin,True,,,,0.5000,,,10000
condition,noise(sigma=0.2),pca64,e_mse,sure,False,0.8787,,,0.9700,,,10000
condition,noise(sigma=0.2),dae_lam0_seed0,e_mse,g,False,0.7389,,,0.8728,,,10000
condition,noise(sigma=0.2),dae_lam0_seed0,e_mse,d,False,0.8254,,,0.9551,,,10000
condition,noise(sigma=0.2),dae_lam0_seed0,e_mse,r_A,False,0.8254,,,0.9551,,,10000
condition,noise(sigma=0.2),dae_lam0_seed0,e_mse,div,False,0.4069,,,0.6977,,,10000
condition,noise(sigma=0.2),dae_lam0_seed0,e_mse,g_lin,False,0.7618,,,0.8957,,,10000
condition,noise(sigma=0.2),dae_lam0_seed0,e_mse,sure,False,0.8795,,,0.9727,,,10000
condition,noise(sigma=0.2),dae_lam0_seed1,e_mse,g,False,0.7371,,,0.8741,,,10000
condition,noise(sigma=0.2),dae_lam0_seed1,e_mse,d,False,0.8336,,,0.9562,,,10000
condition,noise(sigma=0.2),dae_lam0_seed1,e_mse,r_A,False,0.8336,,,0.9562,,,10000
condition,noise(sigma=0.2),dae_lam0_seed1,e_mse,div,False,0.3671,,,0.6810,,,10000
condition,noise(sigma=0.2),dae_lam0_seed1,e_mse,g_lin,False,0.7417,,,0.8855,,,10000
condition,noise(sigma=0.2),dae_lam0_seed1,e_mse,sure,False,0.8847,,,0.9733,,,10000
condition,noise(sigma=0.2),dae_lam0_seed2,e_mse,g,False,0.7420,,,0.8683,,,10000
condition,noise(sigma=0.2),dae_lam0_seed2,e_mse,d,False,0.8486,,,0.9625,,,10000
condition,noise(sigma=0.2),dae_lam0_seed2,e_mse,r_A,False,0.8486,,,0.9625,,,10000
condition,noise(sigma=0.2),dae_lam0_seed2,e_mse,div,False,0.3195,,,0.6542,,,10000
condition,noise(sigma=0.2),dae_lam0_seed2,e_mse,g_lin,False,0.7422,,,0.8844,,,10000
condition,noise(sigma=0.2),dae_lam0_seed2,e_mse,sure,False,0.8948,,,0.9778,,,10000
condition,noise(sigma=0.3),radial,e_mse,g,True,,,,0.5000,,,10000
condition,noise(sigma=0.3),radial,e_mse,d,False,-0.3574,,,0.2857,,,10000
condition,noise(sigma=0.3),radial,e_mse,r_A,False,-0.3574,,,0.2857,,,10000
condition,noise(sigma=0.3),radial,e_mse,div,False,0.3565,,,0.7143,,,10000
condition,noise(sigma=0.3),radial,e_mse,g_lin,True,,,,0.5000,,,10000
condition,noise(sigma=0.3),radial,e_mse,sure,False,0.6369,,,0.8926,,,10000
condition,noise(sigma=0.3),pca64,e_mse,g,True,,,,0.5000,,,10000
condition,noise(sigma=0.3),pca64,e_mse,d,False,0.6494,,,0.8788,,,10000
condition,noise(sigma=0.3),pca64,e_mse,r_A,False,0.6494,,,0.8788,,,10000
condition,noise(sigma=0.3),pca64,e_mse,div,False,-0.0005,,,0.4991,,,10000
condition,noise(sigma=0.3),pca64,e_mse,g_lin,True,,,,0.5000,,,10000
condition,noise(sigma=0.3),pca64,e_mse,sure,False,0.6743,,,0.8917,,,10000
condition,noise(sigma=0.3),dae_lam0_seed0,e_mse,g,False,0.6807,,,0.8557,,,10000
condition,noise(sigma=0.3),dae_lam0_seed0,e_mse,d,False,0.6324,,,0.8712,,,10000
condition,noise(sigma=0.3),dae_lam0_seed0,e_mse,r_A,False,0.6324,,,0.8712,,,10000
condition,noise(sigma=0.3),dae_lam0_seed0,e_mse,div,False,0.4066,,,0.6993,,,10000
condition,noise(sigma=0.3),dae_lam0_seed0,e_mse,g_lin,False,0.6588,,,0.8590,,,10000
condition,noise(sigma=0.3),dae_lam0_seed0,e_mse,sure,False,0.7104,,,0.9061,,,10000
condition,noise(sigma=0.3),dae_lam0_seed1,e_mse,g,False,0.6670,,,0.8475,,,10000
condition,noise(sigma=0.3),dae_lam0_seed1,e_mse,d,False,0.6413,,,0.8797,,,10000
condition,noise(sigma=0.3),dae_lam0_seed1,e_mse,r_A,False,0.6413,,,0.8797,,,10000
condition,noise(sigma=0.3),dae_lam0_seed1,e_mse,div,False,0.3546,,,0.6726,,,10000
condition,noise(sigma=0.3),dae_lam0_seed1,e_mse,g_lin,False,0.5785,,,0.8221,,,10000
condition,noise(sigma=0.3),dae_lam0_seed1,e_mse,sure,False,0.7128,,,0.9104,,,10000
condition,noise(sigma=0.3),dae_lam0_seed2,e_mse,g,False,0.6805,,,0.8470,,,10000
condition,noise(sigma=0.3),dae_lam0_seed2,e_mse,d,False,0.6638,,,0.8880,,,10000
condition,noise(sigma=0.3),dae_lam0_seed2,e_mse,r_A,False,0.6638,,,0.8880,,,10000
condition,noise(sigma=0.3),dae_lam0_seed2,e_mse,div,False,0.3148,,,0.6505,,,10000
condition,noise(sigma=0.3),dae_lam0_seed2,e_mse,g_lin,False,0.6615,,,0.8499,,,10000
condition,noise(sigma=0.3),dae_lam0_seed2,e_mse,sure,False,0.7277,,,0.9151,,,10000
condition,noise(sigma=0.5),radial,e_mse,g,True,,,,0.5000,,,10000
condition,noise(sigma=0.5),radial,e_mse,d,False,0.4637,,,0.7860,,,10000
condition,noise(sigma=0.5),radial,e_mse,r_A,False,0.4637,,,0.7860,,,10000
condition,noise(sigma=0.5),radial,e_mse,div,False,-0.4655,,,0.2134,,,10000
condition,noise(sigma=0.5),radial,e_mse,g_lin,True,,,,0.5000,,,10000
condition,noise(sigma=0.5),radial,e_mse,sure,False,0.4617,,,0.7843,,,10000
condition,noise(sigma=0.5),pca64,e_mse,g,True,,,,0.5000,,,10000
condition,noise(sigma=0.5),pca64,e_mse,d,False,0.3078,,,0.6901,,,10000
condition,noise(sigma=0.5),pca64,e_mse,r_A,False,0.3078,,,0.6901,,,10000
condition,noise(sigma=0.5),pca64,e_mse,div,False,0.0091,,,0.5010,,,10000
condition,noise(sigma=0.5),pca64,e_mse,g_lin,True,,,,0.5000,,,10000
condition,noise(sigma=0.5),pca64,e_mse,sure,False,0.3243,,,0.6988,,,10000
condition,noise(sigma=0.5),dae_lam0_seed0,e_mse,g,False,0.5895,,,0.8082,,,10000
condition,noise(sigma=0.5),dae_lam0_seed0,e_mse,d,False,0.3433,,,0.6986,,,10000
condition,noise(sigma=0.5),dae_lam0_seed0,e_mse,r_A,False,0.3433,,,0.6986,,,10000
condition,noise(sigma=0.5),dae_lam0_seed0,e_mse,div,False,0.3949,,,0.6882,,,10000
condition,noise(sigma=0.5),dae_lam0_seed0,e_mse,g_lin,False,0.5067,,,0.7622,,,10000
condition,noise(sigma=0.5),dae_lam0_seed0,e_mse,sure,False,0.4485,,,0.7506,,,10000
condition,noise(sigma=0.5),dae_lam0_seed1,e_mse,g,False,0.4974,,,0.7588,,,10000
condition,noise(sigma=0.5),dae_lam0_seed1,e_mse,d,False,0.3951,,,0.7244,,,10000
condition,noise(sigma=0.5),dae_lam0_seed1,e_mse,r_A,False,0.3951,,,0.7244,,,10000
condition,noise(sigma=0.5),dae_lam0_seed1,e_mse,div,False,0.2283,,,0.6094,,,10000
condition,noise(sigma=0.5),dae_lam0_seed1,e_mse,g_lin,False,0.3031,,,0.6638,,,10000
condition,noise(sigma=0.5),dae_lam0_seed1,e_mse,sure,False,0.4630,,,0.7558,,,10000
condition,noise(sigma=0.5),dae_lam0_seed2,e_mse,g,False,0.5532,,,0.7812,,,10000
condition,noise(sigma=0.5),dae_lam0_seed2,e_mse,d,False,0.3986,,,0.7289,,,10000
condition,noise(sigma=0.5),dae_lam0_seed2,e_mse,r_A,False,0.3986,,,0.7289,,,10000
condition,noise(sigma=0.5),dae_lam0_seed2,e_mse,div,False,0.2658,,,0.6311,,,10000
condition,noise(sigma=0.5),dae_lam0_seed2,e_mse,g_lin,False,0.3860,,,0.7061,,,10000
condition,noise(sigma=0.5),dae_lam0_seed2,e_mse,sure,False,0.4719,,,0.7646,,,10000
condition,blur(std=0.5),radial,e_mse,g,True,,,,0.5000,,,10000
condition,blur(std=0.5),radial,e_mse,d,False,0.8158,,,0.9632,,,10000
condition,blur(std=0.5),radial,e_mse,r_A,False,0.9574,,,0.9970,,,10000
condition,blur(std=0.5),pca64,e_mse,g,True,,,,0.5000,,,10000
condition,blur(std=0.5),pca64,e_mse,d,False,0.9744,,,0.9882,,,10000
condition,blur(std=0.5),pca64,e_mse,r_A,False,0.9777,,,0.9894,,,10000
condition,blur(std=0.5),dae_lam0_seed0,e_mse,g,False,0.7384,,,0.8652,,,10000
condition,blur(std=0.5),dae_lam0_seed0,e_mse,d,False,0.8984,,,0.9713,,,10000
condition,blur(std=0.5),dae_lam0_seed0,e_mse,r_A,False,0.9590,,,0.9804,,,10000
condition,blur(std=0.5),dae_lam0_seed1,e_mse,g,False,0.7544,,,0.8735,,,10000
condition,blur(std=0.5),dae_lam0_seed1,e_mse,d,False,0.9126,,,0.9742,,,10000
condition,blur(std=0.5),dae_lam0_seed1,e_mse,r_A,False,0.9587,,,0.9808,,,10000
condition,blur(std=0.5),dae_lam0_seed2,e_mse,g,False,0.7492,,,0.8678,,,10000
condition,blur(std=0.5),dae_lam0_seed2,e_mse,d,False,0.9213,,,0.9761,,,10000
condition,blur(std=0.5),dae_lam0_seed2,e_mse,r_A,False,0.9614,,,0.9819,,,10000
condition,blur(std=1),radial,e_mse,g,True,,,,0.5000,,,10000
condition,blur(std=1),radial,e_mse,d,False,0.4827,,,0.7632,,,10000
condition,blur(std=1),radial,e_mse,r_A,False,0.7247,,,0.8791,,,10000
condition,blur(std=1),pca64,e_mse,g,True,,,,0.5000,,,10000
condition,blur(std=1),pca64,e_mse,d,False,0.6694,,,0.8435,,,10000
condition,blur(std=1),pca64,e_mse,r_A,False,0.8498,,,0.9178,,,10000
condition,blur(std=1),dae_lam0_seed0,e_mse,g,False,0.4281,,,0.7329,,,10000
condition,blur(std=1),dae_lam0_seed0,e_mse,d,False,0.3035,,,0.6477,,,10000
condition,blur(std=1),dae_lam0_seed0,e_mse,r_A,False,0.7669,,,0.8862,,,10000
condition,blur(std=1),dae_lam0_seed1,e_mse,g,False,0.4610,,,0.7557,,,10000
condition,blur(std=1),dae_lam0_seed1,e_mse,d,False,0.3245,,,0.6645,,,10000
condition,blur(std=1),dae_lam0_seed1,e_mse,r_A,False,0.7852,,,0.8967,,,10000
condition,blur(std=1),dae_lam0_seed2,e_mse,g,False,0.4907,,,0.7611,,,10000
condition,blur(std=1),dae_lam0_seed2,e_mse,d,False,0.3767,,,0.7036,,,10000
condition,blur(std=1),dae_lam0_seed2,e_mse,r_A,False,0.8284,,,0.9152,,,10000
condition,blur(std=1.5),radial,e_mse,g,True,,,,0.5000,,,10000
condition,blur(std=1.5),radial,e_mse,d,False,0.4200,,,0.7022,,,10000
condition,blur(std=1.5),radial,e_mse,r_A,False,0.6153,,,0.7983,,,10000
condition,blur(std=1.5),pca64,e_mse,g,True,,,,0.5000,,,10000
condition,blur(std=1.5),pca64,e_mse,d,False,0.4573,,,0.6985,,,10000
condition,blur(std=1.5),pca64,e_mse,r_A,False,0.7432,,,0.8533,,,10000
condition,blur(std=1.5),dae_lam0_seed0,e_mse,g,False,0.3726,,,0.6588,,,10000
condition,blur(std=1.5),dae_lam0_seed0,e_mse,d,False,0.4799,,,0.7170,,,10000
condition,blur(std=1.5),dae_lam0_seed0,e_mse,r_A,False,0.6402,,,0.8133,,,10000
condition,blur(std=1.5),dae_lam0_seed1,e_mse,g,False,0.3760,,,0.6606,,,10000
condition,blur(std=1.5),dae_lam0_seed1,e_mse,d,False,0.4713,,,0.7121,,,10000
condition,blur(std=1.5),dae_lam0_seed1,e_mse,r_A,False,0.6613,,,0.8179,,,10000
condition,blur(std=1.5),dae_lam0_seed2,e_mse,g,False,0.3364,,,0.6439,,,10000
condition,blur(std=1.5),dae_lam0_seed2,e_mse,d,False,0.4477,,,0.7116,,,10000
condition,blur(std=1.5),dae_lam0_seed2,e_mse,r_A,False,0.6708,,,0.8404,,,10000
condition,blur(std=2),radial,e_mse,g,True,,,,0.5000,,,10000
condition,blur(std=2),radial,e_mse,d,False,0.4467,,,0.7121,,,10000
condition,blur(std=2),radial,e_mse,r_A,False,0.5326,,,0.7685,,,10000
condition,blur(std=2),pca64,e_mse,g,True,,,,0.5000,,,10000
condition,blur(std=2),pca64,e_mse,d,False,0.4277,,,0.6650,,,10000
condition,blur(std=2),pca64,e_mse,r_A,False,0.6962,,,0.7934,,,10000
condition,blur(std=2),dae_lam0_seed0,e_mse,g,False,0.5422,,,0.7279,,,10000
condition,blur(std=2),dae_lam0_seed0,e_mse,d,False,0.6444,,,0.7768,,,10000
condition,blur(std=2),dae_lam0_seed0,e_mse,r_A,False,0.6949,,,0.8043,,,10000
condition,blur(std=2),dae_lam0_seed1,e_mse,g,False,0.5222,,,0.7198,,,10000
condition,blur(std=2),dae_lam0_seed1,e_mse,d,False,0.6215,,,0.7642,,,10000
condition,blur(std=2),dae_lam0_seed1,e_mse,r_A,False,0.6906,,,0.7975,,,10000
condition,blur(std=2),dae_lam0_seed2,e_mse,g,False,0.4382,,,0.6683,,,10000
condition,blur(std=2),dae_lam0_seed2,e_mse,d,False,0.5710,,,0.7452,,,10000
condition,blur(std=2),dae_lam0_seed2,e_mse,r_A,False,0.6481,,,0.7833,,,10000
condition,pixel_mask(drop=0.25),radial,e_mse,g,True,,,,0.5000,,,10000
condition,pixel_mask(drop=0.25),radial,e_mse,d,False,0.4288,,,0.7491,,,10000
condition,pixel_mask(drop=0.25),radial,e_mse,r_A,False,0.4311,,,0.7559,,,10000
condition,pixel_mask(drop=0.25),pca64,e_mse,g,True,,,,0.5000,,,10000
condition,pixel_mask(drop=0.25),pca64,e_mse,d,False,0.9329,,,0.9662,,,10000
condition,pixel_mask(drop=0.25),pca64,e_mse,r_A,False,0.9680,,,0.9839,,,10000
condition,pixel_mask(drop=0.25),dae_lam0_seed0,e_mse,g,False,0.7490,,,0.8776,,,10000
condition,pixel_mask(drop=0.25),dae_lam0_seed0,e_mse,d,False,0.8658,,,0.9270,,,10000
condition,pixel_mask(drop=0.25),dae_lam0_seed0,e_mse,r_A,False,0.9252,,,0.9602,,,10000
condition,pixel_mask(drop=0.25),dae_lam0_seed1,e_mse,g,False,0.7249,,,0.8742,,,10000
condition,pixel_mask(drop=0.25),dae_lam0_seed1,e_mse,d,False,0.8551,,,0.9219,,,10000
condition,pixel_mask(drop=0.25),dae_lam0_seed1,e_mse,r_A,False,0.9219,,,0.9591,,,10000
condition,pixel_mask(drop=0.25),dae_lam0_seed2,e_mse,g,False,0.5573,,,0.7902,,,10000
condition,pixel_mask(drop=0.25),dae_lam0_seed2,e_mse,d,False,0.8256,,,0.9058,,,10000
condition,pixel_mask(drop=0.25),dae_lam0_seed2,e_mse,r_A,False,0.9074,,,0.9519,,,10000
condition,pixel_mask(drop=0.5),radial,e_mse,g,True,,,,0.5000,,,10000
condition,pixel_mask(drop=0.5),radial,e_mse,d,False,0.4888,,,0.8488,,,10000
condition,pixel_mask(drop=0.5),radial,e_mse,r_A,False,0.4853,,,0.8472,,,10000
condition,pixel_mask(drop=0.5),pca64,e_mse,g,True,,,,0.5000,,,10000
condition,pixel_mask(drop=0.5),pca64,e_mse,d,False,0.9590,,,0.9792,,,10000
condition,pixel_mask(drop=0.5),pca64,e_mse,r_A,False,0.9619,,,0.9801,,,10000
condition,pixel_mask(drop=0.5),dae_lam0_seed0,e_mse,g,False,0.7494,,,0.9056,,,10000
condition,pixel_mask(drop=0.5),dae_lam0_seed0,e_mse,d,False,0.9297,,,0.9691,,,10000
condition,pixel_mask(drop=0.5),dae_lam0_seed0,e_mse,r_A,False,0.9414,,,0.9746,,,10000
condition,pixel_mask(drop=0.5),dae_lam0_seed1,e_mse,g,False,0.6438,,,0.8718,,,10000
condition,pixel_mask(drop=0.5),dae_lam0_seed1,e_mse,d,False,0.9298,,,0.9693,,,10000
condition,pixel_mask(drop=0.5),dae_lam0_seed1,e_mse,r_A,False,0.9395,,,0.9737,,,10000
condition,pixel_mask(drop=0.5),dae_lam0_seed2,e_mse,g,False,0.4790,,,0.7809,,,10000
condition,pixel_mask(drop=0.5),dae_lam0_seed2,e_mse,d,False,0.9217,,,0.9655,,,10000
condition,pixel_mask(drop=0.5),dae_lam0_seed2,e_mse,r_A,False,0.9306,,,0.9698,,,10000
condition,pixel_mask(drop=0.75),radial,e_mse,g,True,,,,0.5000,,,10000
condition,pixel_mask(drop=0.75),radial,e_mse,d,False,0.5351,,,0.8648,,,10000
condition,pixel_mask(drop=0.75),radial,e_mse,r_A,False,0.5256,,,0.8588,,,10000
condition,pixel_mask(drop=0.75),pca64,e_mse,g,True,,,,0.5000,,,10000
condition,pixel_mask(drop=0.75),pca64,e_mse,d,False,0.9503,,,0.9747,,,10000
condition,pixel_mask(drop=0.75),pca64,e_mse,r_A,False,0.9433,,,0.9722,,,10000
condition,pixel_mask(drop=0.75),dae_lam0_seed0,e_mse,g,False,0.6112,,,0.8337,,,10000
condition,pixel_mask(drop=0.75),dae_lam0_seed0,e_mse,d,False,0.9117,,,0.9596,,,10000
condition,pixel_mask(drop=0.75),dae_lam0_seed0,e_mse,r_A,False,0.9284,,,0.9687,,,10000
condition,pixel_mask(drop=0.75),dae_lam0_seed1,e_mse,g,False,0.6517,,,0.8378,,,10000
condition,pixel_mask(drop=0.75),dae_lam0_seed1,e_mse,d,False,0.9057,,,0.9583,,,10000
condition,pixel_mask(drop=0.75),dae_lam0_seed1,e_mse,r_A,False,0.9284,,,0.9683,,,10000
condition,pixel_mask(drop=0.75),dae_lam0_seed2,e_mse,g,False,0.6493,,,0.8161,,,10000
condition,pixel_mask(drop=0.75),dae_lam0_seed2,e_mse,d,False,0.9154,,,0.9599,,,10000
condition,pixel_mask(drop=0.75),dae_lam0_seed2,e_mse,r_A,False,0.9217,,,0.9666,,,10000
condition,box_mask(size=8),radial,e_mse,g,True,,,,0.5000,,,10000
condition,box_mask(size=8),radial,e_mse,d,False,0.3803,,,0.6955,,,10000
condition,box_mask(size=8),radial,e_mse,r_A,False,0.3653,,,0.6923,,,10000
condition,box_mask(size=8),pca64,e_mse,g,True,,,,0.5000,,,10000
condition,box_mask(size=8),pca64,e_mse,d,False,0.8127,,,0.8791,,,10000
condition,box_mask(size=8),pca64,e_mse,r_A,False,0.7407,,,0.8448,,,10000
condition,box_mask(size=8),dae_lam0_seed0,e_mse,g,False,0.7423,,,0.8392,,,10000
condition,box_mask(size=8),dae_lam0_seed0,e_mse,d,False,0.6016,,,0.7460,,,10000
condition,box_mask(size=8),dae_lam0_seed0,e_mse,r_A,False,0.5141,,,0.7020,,,10000
condition,box_mask(size=8),dae_lam0_seed1,e_mse,g,False,0.7389,,,0.8387,,,10000
condition,box_mask(size=8),dae_lam0_seed1,e_mse,d,False,0.6183,,,0.7579,,,10000
condition,box_mask(size=8),dae_lam0_seed1,e_mse,r_A,False,0.5410,,,0.7181,,,10000
condition,box_mask(size=8),dae_lam0_seed2,e_mse,g,False,0.7502,,,0.8545,,,10000
condition,box_mask(size=8),dae_lam0_seed2,e_mse,d,False,0.6530,,,0.7698,,,10000
condition,box_mask(size=8),dae_lam0_seed2,e_mse,r_A,False,0.5901,,,0.7450,,,10000
condition,box_mask(size=14),radial,e_mse,g,True,,,,0.5000,,,10000
condition,box_mask(size=14),radial,e_mse,d,False,0.5033,,,0.8012,,,10000
condition,box_mask(size=14),radial,e_mse,r_A,False,0.5028,,,0.8044,,,10000
condition,box_mask(size=14),pca64,e_mse,g,True,,,,0.5000,,,10000
condition,box_mask(size=14),pca64,e_mse,d,False,0.6659,,,0.8240,,,10000
condition,box_mask(size=14),pca64,e_mse,r_A,False,0.5787,,,0.7877,,,10000
condition,box_mask(size=14),dae_lam0_seed0,e_mse,g,False,0.5753,,,0.7792,,,10000
condition,box_mask(size=14),dae_lam0_seed0,e_mse,d,False,0.4595,,,0.7281,,,10000
condition,box_mask(size=14),dae_lam0_seed0,e_mse,r_A,False,0.3886,,,0.6939,,,10000
condition,box_mask(size=14),dae_lam0_seed1,e_mse,g,False,0.5683,,,0.7885,,,10000
condition,box_mask(size=14),dae_lam0_seed1,e_mse,d,False,0.4608,,,0.7385,,,10000
condition,box_mask(size=14),dae_lam0_seed1,e_mse,r_A,False,0.4103,,,0.7121,,,10000
condition,box_mask(size=14),dae_lam0_seed2,e_mse,g,False,0.5332,,,0.7832,,,10000
condition,box_mask(size=14),dae_lam0_seed2,e_mse,d,False,0.5479,,,0.7837,,,10000
condition,box_mask(size=14),dae_lam0_seed2,e_mse,r_A,False,0.4992,,,0.7613,,,10000
family,noise,radial,e_mse,g,True,,,,0.5000,,,40000
family,noise,radial,e_mse,d,False,0.8241,,,0.9991,,,40000
family,noise,radial,e_mse,r_A,False,0.8241,,,0.9991,,,40000
family,noise,radial,e_mse,div,False,-0.8270,,,0.0007,,,40000
family,noise,radial,e_mse,g_lin,True,,,,0.5000,,,40000
family,noise,radial,e_mse,sure,False,0.9818,,,0.9995,,,40000
family,noise,radial,e_mse,g@level,True,,,,0.5000,,,40000
family,noise,radial,e_mse,d@level,False,0.9654,,,0.9990,,,40000
family,noise,radial,e_mse,r_A@level,False,0.9654,,,0.9990,,,40000
family,noise,radial,e_mse,div@level,False,-0.9654,,,0.0010,,,40000
family,noise,radial,e_mse,g_lin@level,True,,,,0.5000,,,40000
family,noise,radial,e_mse,sure@level,False,0.9654,,,0.9990,,,40000
family,noise,pca64,e_mse,g,True,,,,0.5000,,,40000
family,noise,pca64,e_mse,d,False,0.8247,,,0.9206,,,40000
family,noise,pca64,e_mse,r_A,False,0.8247,,,0.9206,,,40000
family,noise,pca64,e_mse,div,False,0.0007,,,0.5036,,,40000
family,noise,pca64,e_mse,g_lin,True,,,,0.5000,,,40000
family,noise,pca64,e_mse,sure,False,0.8411,,,0.8922,,,40000
family,noise,pca64,e_mse,g@level,True,,,,0.5000,,,40000
family,noise,pca64,e_mse,d@level,False,0.7249,,,0.8815,,,40000
family,noise,pca64,e_mse,r_A@level,False,0.7249,,,0.8815,,,40000
family,noise,pca64,e_mse,div@level,True,,,,0.5000,,,40000
family,noise,pca64,e_mse,g_lin@level,True,,,,0.5000,,,40000
family,noise,pca64,e_mse,sure@level,False,0.7249,,,0.8815,,,40000
family,noise,dae_lam0_seed0,e_mse,g,False,0.8121,,,0.8950,,,40000
family,noise,dae_lam0_seed0,e_mse,d,False,0.6547,,,0.8127,,,40000
family,noise,dae_lam0_seed0,e_mse,r_A,False,0.6547,,,0.8127,,,40000
family,noise,dae_lam0_seed0,e_mse,div,False,0.3788,,,0.6901,,,40000
family,noise,dae_lam0_seed0,e_mse,g_lin,False,0.8101,,,0.8947,,,40000
family,noise,dae_lam0_seed0,e_mse,sure,False,0.7542,,,0.8727,,,40000
family,noise,dae_lam0_seed0,e_mse,g@level,False,0.5206,,,0.7450,,,40000
family,noise,dae_lam0_seed0,e_mse,d@level,False,0.5206,,,0.7450,,,40000
family,noise,dae_lam0_seed0,e_mse,r_A@level,False,0.5206,,,0.7450,,,40000
family,noise,dae_lam0_seed0,e_mse,div@level,False,0.5206,,,0.7450,,,40000
family,noise,dae_lam0_seed0,e_mse,g_lin@level,False,0.5206,,,0.7450,,,40000
family,noise,dae_lam0_seed0,e_mse,sure@level,False,0.5206,,,0.7450,,,40000
family,noise,dae_lam0_seed1,e_mse,g,False,0.8177,,,0.8973,,,40000
family,noise,dae_lam0_seed1,e_mse,d,False,0.6755,,,0.8316,,,40000
family,noise,dae_lam0_seed1,e_mse,r_A,False,0.6755,,,0.8316,,,40000
family,noise,dae_lam0_seed1,e_mse,div,False,0.3180,,,0.6493,,,40000
family,noise,dae_lam0_seed1,e_mse,g_lin,False,0.7853,,,0.8802,,,40000
family,noise,dae_lam0_seed1,e_mse,sure,False,0.7693,,,0.8776,,,40000
family,noise,dae_lam0_seed1,e_mse,g@level,False,0.5420,,,0.7654,,,40000
family,noise,dae_lam0_seed1,e_mse,d@level,False,0.5420,,,0.7654,,,40000
family,noise,dae_lam0_seed1,e_mse,r_A@level,False,0.5420,,,0.7654,,,40000
family,noise,dae_lam0_seed1,e_mse,div@level,False,0.5420,,,0.7654,,,40000
family,noise,dae_lam0_seed1,e_mse,g_lin@level,False,0.5420,,,0.7654,,,40000
family,noise,dae_lam0_seed1,e_mse,sure@level,False,0.5420,,,0.7654,,,40000
family,noise,dae_lam0_seed2,e_mse,g,False,0.7969,,,0.8814,,,40000
family,noise,dae_lam0_seed2,e_mse,d,False,0.6373,,,0.8025,,,40000
family,noise,dae_lam0_seed2,e_mse,r_A,False,0.6373,,,0.8025,,,40000
family,noise,dae_lam0_seed2,e_mse,div,False,0.2793,,,0.6394,,,40000
family,noise,dae_lam0_seed2,e_mse,g_lin,False,0.7746,,,0.8663,,,40000
family,noise,dae_lam0_seed2,e_mse,sure,False,0.7681,,,0.8780,,,40000
family,noise,dae_lam0_seed2,e_mse,g@level,False,0.4939,,,0.7302,,,40000
family,noise,dae_lam0_seed2,e_mse,d@level,False,0.4939,,,0.7302,,,40000
family,noise,dae_lam0_seed2,e_mse,r_A@level,False,0.4939,,,0.7302,,,40000
family,noise,dae_lam0_seed2,e_mse,div@level,False,0.4939,,,0.7302,,,40000
family,noise,dae_lam0_seed2,e_mse,g_lin@level,False,0.4939,,,0.7302,,,40000
family,noise,dae_lam0_seed2,e_mse,sure@level,False,0.4939,,,0.7302,,,40000
family,blur,radial,e_mse,g,True,,,,0.5000,,,40000
family,blur,radial,e_mse,d,False,0.5631,,,0.7663,,,40000
family,blur,radial,e_mse,r_A,False,0.6293,,,0.7985,,,40000
family,blur,radial,e_mse,g@level,True,,,,0.5000,,,40000
family,blur,radial,e_mse,d@level,False,0.8134,,,0.8440,,,40000
family,blur,radial,e_mse,r_A@level,False,0.8134,,,0.8440,,,40000
family,blur,pca64,e_mse,g,True,,,,0.5000,,,40000
family,blur,pca64,e_mse,d,False,-0.1878,,,0.4311,,,40000
family,blur,pca64,e_mse,r_A,False,0.3417,,,0.7187,,,40000
family,blur,pca64,e_mse,g@level,True,,,,0.5000,,,40000
family,blur,pca64,e_mse,d@level,False,-0.6519,,,0.2020,,,40000
family,blur,pca64,e_mse,r_A@level,False,-0.1568,,,0.5189,,,40000
family,blur,dae_lam0_seed0,e_mse,g,False,0.7113,,,0.8383,,,40000
family,blur,dae_lam0_seed0,e_mse,d,False,0.5798,,,0.7854,,,40000
family,blur,dae_lam0_seed0,e_mse,r_A,False,0.6108,,,0.8254,,,40000
family,blur,dae_lam0_seed0,e_mse,g@level,False,0.7194,,,0.8386,,,40000
family,blur,dae_lam0_seed0,e_mse,d@level,False,0.5965,,,0.7120,,,40000
family,blur,dae_lam0_seed0,e_mse,r_A@level,False,0.3212,,,0.7564,,,40000
family,blur,dae_lam0_seed1,e_mse,g,False,0.7282,,,0.8409,,,40000
family,blur,dae_lam0_seed1,e_mse,d,False,0.6047,,,0.7920,,,40000
family,blur,dae_lam0_seed1,e_mse,r_A,False,0.6396,,,0.8329,,,40000
family,blur,dae_lam0_seed1,e_mse,g@level,False,0.7139,,,0.8349,,,40000
family,blur,dae_lam0_seed1,e_mse,d@level,False,0.5903,,,0.7110,,,40000
family,blur,dae_lam0_seed1,e_mse,r_A@level,False,0.3199,,,0.7529,,,40000
family,blur,dae_lam0_seed2,e_mse,g,False,0.7109,,,0.8184,,,40000
family,blur,dae_lam0_seed2,e_mse,d,False,0.6212,,,0.7991,,,40000
family,blur,dae_lam0_seed2,e_mse,r_A,False,0.6460,,,0.8236,,,40000
family,blur,dae_lam0_seed2,e_mse,g@level,False,0.6708,,,0.8074,,,40000
family,blur,dae_lam0_seed2,e_mse,d@level,False,0.6708,,,0.8074,,,40000
family,blur,dae_lam0_seed2,e_mse,r_A@level,False,0.3048,,,0.7256,,,40000
family,pixel_mask,radial,e_mse,g,True,,,,0.5000,,,30000
family,pixel_mask,radial,e_mse,d,False,0.4883,,,0.7960,,,30000
family,pixel_mask,radial,e_mse,r_A,False,0.1224,,,0.5859,,,30000
family,pixel_mask,radial,e_mse,g@level,True,,,,0.5000,,,30000
family,pixel_mask,radial,e_mse,d@level,False,0.5165,,,0.7863,,,30000
family,pixel_mask,radial,e_mse,r_A@level,False,-0.5165,,,0.2137,,,30000
family,pixel_mask,pca64,e_mse,g,True,,,,0.5000,,,30000
family,pixel_mask,pca64,e_mse,d,False,0.4939,,,0.7220,,,30000
family,pixel_mask,pca64,e_mse,r_A,False,0.2814,,,0.6171,,,30000
family,pixel_mask,pca64,e_mse,g@level,True,,,,0.5000,,,30000
family,pixel_mask,pca64,e_mse,d@level,False,-0.2968,,,0.2623,,,30000
family,pixel_mask,pca64,e_mse,r_A@level,False,-0.7253,,,0.1590,,,30000
family,pixel_mask,dae_lam0_seed0,e_mse,g,False,0.4574,,,0.7223,,,30000
family,pixel_mask,dae_lam0_seed0,e_mse,d,False,0.3573,,,0.6647,,,30000
family,pixel_mask,dae_lam0_seed0,e_mse,r_A,False,0.3726,,,0.6784,,,30000
family,pixel_mask,dae_lam0_seed0,e_mse,g@level,False,0.4778,,,0.5940,,,30000
family,pixel_mask,dae_lam0_seed0,e_mse,d@level,False,-0.3056,,,0.2436,,,30000
family,pixel_mask,dae_lam0_seed0,e_mse,r_A@level,False,-0.3056,,,0.2436,,,30000
family,pixel_mask,dae_lam0_seed1,e_mse,g,False,0.5393,,,0.7820,,,30000
family,pixel_mask,dae_lam0_seed1,e_mse,d,False,0.3685,,,0.6706,,,30000
family,pixel_mask,dae_lam0_seed1,e_mse,r_A,False,0.3661,,,0.6733,,,30000
family,pixel_mask,dae_lam0_seed1,e_mse,g@level,False,0.7848,,,0.8517,,,30000
family,pixel_mask,dae_lam0_seed1,e_mse,d@level,False,-0.3021,,,0.2409,,,30000
family,pixel_mask,dae_lam0_seed1,e_mse,r_A@level,False,-0.3021,,,0.2409,,,30000
family,pixel_mask,dae_lam0_seed2,e_mse,g,False,0.5301,,,0.7762,,,30000
family,pixel_mask,dae_lam0_seed2,e_mse,d,False,0.3572,,,0.6646,,,30000
family,pixel_mask,dae_lam0_seed2,e_mse,r_A,False,0.3337,,,0.6508,,,30000
family,pixel_mask,dae_lam0_seed2,e_mse,g@level,False,0.7963,,,0.8600,,,30000
family,pixel_mask,dae_lam0_seed2,e_mse,d@level,False,-0.3164,,,0.2244,,,30000
family,pixel_mask,dae_lam0_seed2,e_mse,r_A@level,False,-0.3164,,,0.2244,,,30000
family,box_mask,radial,e_mse,g,True,,,,0.5000,,,20000
family,box_mask,radial,e_mse,d,False,0.4035,,,0.7086,,,20000
family,box_mask,radial,e_mse,r_A,False,0.2798,,,0.6353,,,20000
family,box_mask,radial,e_mse,g@level,True,,,,0.5000,,,20000
family,box_mask,radial,e_mse,d@level,False,0.5846,,,0.8239,,,20000
family,box_mask,radial,e_mse,r_A@level,False,-0.5846,,,0.1761,,,20000
family,box_mask,pca64,e_mse,g,True,,,,0.5000,,,20000
family,box_mask,pca64,e_mse,d,False,0.5630,,,0.7289,,,20000
family,box_mask,pca64,e_mse,r_A,False,0.3053,,,0.5858,,,20000
family,box_mask,pca64,e_mse,g@level,True,,,,0.5000,,,20000
family,box_mask,pca64,e_mse,d@level,False,-0.6103,,,0.1800,,,20000
family,box_mask,pca64,e_mse,r_A@level,False,-0.6103,,,0.1800,,,20000
family,box_mask,dae_lam0_seed0,e_mse,g,False,0.5917,,,0.7583,,,20000
family,box_mask,dae_lam0_seed0,e_mse,d,False,0.3638,,,0.6399,,,20000
family,box_mask,dae_lam0_seed0,e_mse,r_A,False,0.2568,,,0.5857,,,20000
family,box_mask,dae_lam0_seed0,e_mse,g@level,False,0.6233,,,0.8219,,,20000
family,box_mask,dae_lam0_seed0,e_mse,d@level,False,-0.6233,,,0.1781,,,20000
family,box_mask,dae_lam0_seed0,e_mse,r_A@level,False,-0.6233,,,0.1781,,,20000
family,box_mask,dae_lam0_seed1,e_mse,g,False,0.5916,,,0.7581,,,20000
family,box_mask,dae_lam0_seed1,e_mse,d,False,0.3791,,,0.6461,,,20000
family,box_mask,dae_lam0_seed1,e_mse,r_A,False,0.2830,,,0.5979,,,20000
family,box_mask,dae_lam0_seed1,e_mse,g@level,False,0.6197,,,0.8208,,,20000
family,box_mask,dae_lam0_seed1,e_mse,d@level,False,-0.6197,,,0.1792,,,20000
family,box_mask,dae_lam0_seed1,e_mse,r_A@level,False,-0.6197,,,0.1792,,,20000
family,box_mask,dae_lam0_seed2,e_mse,g,False,0.5870,,,0.7488,,,20000
family,box_mask,dae_lam0_seed2,e_mse,d,False,0.4631,,,0.7000,,,20000
family,box_mask,dae_lam0_seed2,e_mse,r_A,False,0.3850,,,0.6610,,,20000
family,box_mask,dae_lam0_seed2,e_mse,g@level,False,0.6191,,,0.8171,,,20000
family,box_mask,dae_lam0_seed2,e_mse,d@level,False,0.6191,,,0.8171,,,20000
family,box_mask,dae_lam0_seed2,e_mse,r_A@level,False,-0.6191,,,0.1829,,,20000
all,all,radial,e_mse,g,True,,,,0.5000,,,130000
all,all,radial,e_mse,d,False,0.3104,,,0.6255,,,130000
all,all,radial,e_mse,r_A,False,0.0515,,,0.4789,,,130000
all,all,radial,e_mse,g@level,True,,,,0.5000,,,130000
all,all,radial,e_mse,d@level,False,0.1706,,,0.5175,,,130000
all,all,radial,e_mse,r_A@level,False,-0.1153,,,0.3592,,,130000
all,all,pca64,e_mse,g,True,,,,0.5000,,,130000
all,all,pca64,e_mse,d,False,0.2360,,,0.6167,,,130000
all,all,pca64,e_mse,r_A,False,0.0972,,,0.5104,,,130000
all,all,pca64,e_mse,g@level,True,,,,0.5000,,,130000
all,all,pca64,e_mse,d@level,False,0.1062,,,0.5492,,,130000
all,all,pca64,e_mse,r_A@level,False,-0.0300,,,0.4575,,,130000
all,all,dae_lam0_seed0,e_mse,g,False,0.4905,,,0.6494,,,130000
all,all,dae_lam0_seed0,e_mse,d,False,0.0773,,,0.5214,,,130000
all,all,dae_lam0_seed0,e_mse,r_A,False,0.0073,,,0.4928,,,130000
all,all,dae_lam0_seed0,e_mse,g@level,False,0.4573,,,0.6454,,,130000
all,all,dae_lam0_seed0,e_mse,d@level,False,0.0184,,,0.5023,,,130000
all,all,dae_lam0_seed0,e_mse,r_A@level,False,-0.0715,,,0.4778,,,130000
all,all,dae_lam0_seed1,e_mse,g,False,0.5393,,,0.6790,,,130000
all,all,dae_lam0_seed1,e_mse,d,False,0.0939,,,0.5266,,,130000
all,all,dae_lam0_seed1,e_mse,r_A,False,0.0179,,,0.4932,,,130000
all,all,dae_lam0_seed1,e_mse,g@level,False,0.5122,,,0.6812,,,130000
all,all,dae_lam0_seed1,e_mse,d@level,False,0.0253,,,0.5031,,,130000
all,all,dae_lam0_seed1,e_mse,r_A@level,False,-0.0633,,,0.4789,,,130000
all,all,dae_lam0_seed2,e_mse,g,False,0.5662,,,0.7013,,,130000
all,all,dae_lam0_seed2,e_mse,d,False,0.1081,,,0.5359,,,130000
all,all,dae_lam0_seed2,e_mse,r_A,False,0.0240,,,0.4985,,,130000
all,all,dae_lam0_seed2,e_mse,g@level,False,0.5878,,,0.7582,,,130000
all,all,dae_lam0_seed2,e_mse,d@level,False,0.0518,,,0.5247,,,130000
all,all,dae_lam0_seed2,e_mse,r_A@level,False,-0.0858,,,0.4593,,,130000
