scope,group,projector,signal,constant,spearman,spearman_lo,spearman_hi,auroc,auroc_lo,auroc_hi,n
condition,noise(sigma=0.1),identity,g,True,,,,0.5000,0.5000,0.5000,10000
condition,noise(sigma=0.1),identity,d,True,,,,0.5000,0.5000,0.5000,10000
condition,noise(sigma=0.1),identity,r_A,True,,,,0.5000,0.5000,0.5000,10000
condition,noise(sigma=0.1),radial,g,True,,,,0.5000,0.5000,0.5000,10000
condition,noise(sigma=0.1),radial,d,False,0.5214,0.5087,0.5347,0.8772,0.8704,0.8838,10000
condition,noise(sigma=0.1),radial,r_A,False,0.5214,0.5087,0.5347,0.8772,0.8704,0.8838,10000
condition,noise(sigma=0.1),pca16,g,True,,,,0.5000,0.5000,0.5000,10000
condition,noise(sigma=0.1),pca16,d,False,0.9786,0.9774,0.9796,0.9939,0.9930,0.9948,10000
condition,noise(sigma=0.1),pca16,r_A,False,0.9786,0.9774,0.9796,0.9939,0.9930,0.9948,10000
condition,noise(sigma=0.1),pca64,g,True,,,,0.5000,0.5000,0.5000,10000
condition,noise(sigma=0.1),pca64,d,False,0.9691,0.9675,0.9706,0.9926,0.9915,0.9936,10000
condition,noise(sigma=0.1),pca64,r_A,False,0.9691,0.9675,0.9706,0.9926,0.9915,0.9936,10000
condition,noise(sigma=0.1),pca256,g,True,,,,0.5000,0.5000,0.5000,10000
condition,noise(sigma=0.1),pca256,d,False,0.8843,0.8787,0.8899,0.9774,0.9751,0.9798,10000
condition,noise(sigma=0.1),pca256,r_A,False,0.8843,0.8787,0.8899,0.9774,0.9751,0.9798,10000
condition,noise(sigma=0.1),nn,g,True,,,,0.5000,0.5000,0.5000,10000
condition,noise(sigma=0.1),nn,d,False,0.9626,0.9608,0.9644,0.9887,0.9873,0.9900,10000
condition,noise(sigma=0.1),nn,r_A,False,0.9626,0.9608,0.9644,0.9887,0.9873,0.9900,10000
condition,noise(sigma=0.2),identity,g,True,,,,0.5000,0.5000,0.5000,10000
condition,noise(sigma=0.2),identity,d,True,,,,0.5000,0.5000,0.5000,10000
condition,noise(sigma=0.2),identity,r_A,True,,,,0.5000,0.5000,0.5000,10000
condition,noise(sigma=0.2),radial,g,True,,,,0.5000,0.5000,0.5000,10000
condition,noise(sigma=0.2),radial,d,False,-0.4625,-0.4818,-0.4409,0.2101,0.1948,0.2259,10000
condition,noise(sigma=0.2),radial,r_A,False,-0.4625,-0.4818,-0.4409,0.2101,0.1948,0.2259,10000
condition,noise(sigma=0.2),pca16,g,True,,,,0.5000,0.5000,0.5000,10000
condition,noise(sigma=0.2),pca16,d,False,0.9051,0.9009,0.9096,0.9727,0.9700,0.9753,10000
condition,noise(sigma=0.2),pca16,r_A,False,0.9051,0.9009,0.9096,0.9727,0.9700,0.9753,10000
condition,noise(sigma=0.2),pca64,g,True,,,,0.5000,0.5000,0.5000,10000
condition,noise(sigma=0.2),pca64,d,False,0.8449,0.8381,0.8518,0.9573,0.9537,0.9609,10000
condition,noise(sigma=0.2),pca64,r_A,False,0.8449,0.8381,0.8518,0.9573,0.9537,0.9609,10000
condition,noise(sigma=0.2),pca256,g,True,,,,0.5000,0.5000,0.5000,10000
condition,noise(sigma=0.2),pca256,d,False,0.5292,0.5130,0.5440,0.8234,0.8137,0.8324,10000
condition,noise(sigma=0.2),pca256,r_A,False,0.5292,0.5130,0.5440,0.8234,0.8137,0.8324,10000
condition,noise(sigma=0.2),nn,g,True,,,,0.5000,0.5000,0.5000,10000
condition,noise(sigma=0.2),nn,d,False,0.8866,0.8810,0.8912,0.9631,0.9598,0.9666,10000
condition,noise(sigma=0.2),nn,r_A,False,0.8866,0.8810,0.8912,0.9631,0.9598,0.9666,10000
condition,noise(sigma=0.3),identity,g,True,,,,0.5000,0.5000,0.5000,10000
condition,noise(sigma=0.3),identity,d,True,,,,0.5000,0.5000,0.5000,10000
condition,noise(sigma=0.3),identity,r_A,True,,,,0.5000,0.5000,0.5000,10000
condition,noise(sigma=0.3),radial,g,True,,,,0.5000,0.5000,0.5000,10000
condition,noise(sigma=0.3),radial,d,False,-0.3094,-0.3309,-0.2854,0.3173,0.3016,0.3342,10000
condition,noise(sigma=0.3),radial,r_A,False,-0.3094,-0.3309,-0.2854,0.3173,0.3016,0.3342,10000
condition,noise(sigma=0.3),pca16,g,True,,,,0.5000,0.5000,0.5000,10000
condition,noise(sigma=0.3),pca16,d,False,0.7726,0.7642,0.7825,0.9217,0.9162,0.9276,10000
condition,noise(sigma=0.3),pca16,r_A,False,0.7726,0.7642,0.7825,0.9217,0.9162,0.9276,10000
condition,noise(sigma=0.3),pca64,g,True,,,,0.5000,0.5000,0.5000,10000
condition,noise(sigma=0.3),pca64,d,False,0.6296,0.6166,0.6436,0.8696,0.8625,0.8780,10000
condition,noise(sigma=0.3),pca64,r_A,False,0.6296,0.6166,0.6436,0.8696,0.8625,0.8780,10000
condition,noise(sigma=0.3),pca256,g,True,,,,0.5000,0.5000,0.5000,10000
condition,noise(sigma=0.3),pca256,d,False,0.2585,0.2397,0.2770,0.6579,0.6450,0.6709,10000
condition,noise(sigma=0.3),pca256,r_A,False,0.2585,0.2397,0.2770,0.6579,0.6450,0.6709,10000
condition,noise(sigma=0.3),nn,g,True,,,,0.5000,0.5000,0.5000,10000
condition,noise(sigma=0.3),nn,d,False,0.7676,0.7583,0.7767,0.9142,0.9078,0.9209,10000
condition,noise(sigma=0.3),nn,r_A,False,0.7676,0.7583,0.7767,0.9142,0.9078,0.9209,10000
condition,noise(sigma=0.5),identity,g,True,,,,0.5000,0.5000,0.5000,10000
condition,noise(sigma=0.5),identity,d,True,,,,0.5000,0.5000,0.5000,10000
condition,noise(sigma=0.5),identity,r_A,True,,,,0.5000,0.5000,0.5000,10000
condition,noise(sigma=0.5),radial,g,True,,,,0.5000,0.5000,0.5000,10000
condition,noise(sigma=0.5),radial,d,False,0.4773,0.4611,0.4932,0.7937,0.7830,0.8040,10000
condition,noise(sigma=0.5),radial,r_A,False,0.4773,0.4611,0.4932,0.7937,0.7830,0.8040,10000
condition,noise(sigma=0.5),pca16,g,True,,,,0.5000,0.5000,0.5000,10000
condition,noise(sigma=0.5),pca16,d,False,0.4695,0.4546,0.4862,0.7741,0.7639,0.7839,10000
condition,noise(sigma=0.5),pca16,r_A,False,0.4695,0.4546,0.4862,0.7741,0.7639,0.7839,10000
condition,noise(sigma=0.5),pca64,g,True,,,,0.5000,0.5000,0.5000,10000
condition,noise(sigma=0.5),pca64,d,False,0.2960,0.2789,0.3136,0.6845,0.6723,0.6961,10000
condition,noise(sigma=0.5),pca64,r_A,False,0.2960,0.2789,0.3136,0.6845,0.6723,0.6961,10000
condition,noise(sigma=0.5),pca256,g,True,,,,0.5000,0.5000,0.5000,10000
condition,noise(sigma=0.5),pca256,d,False,0.0517,0.0313,0.0716,0.5290,0.5151,0.5423,10000
condition,noise(sigma=0.5),pca256,r_A,False,0.0517,0.0313,0.0716,0.5290,0.5151,0.5423,10000
condition,noise(sigma=0.5),nn,g,True,,,,0.5000,0.5000,0.5000,10000
condition,noise(sigma=0.5),nn,d,False,0.4795,0.4637,0.4957,0.7763,0.7661,0.7868,10000
condition,noise(sigma=0.5),nn,r_A,False,0.4795,0.4637,0.4957,0.7763,0.7661,0.7868,10000
condition,blur(std=0.5),identity,g,True,,,,0.5000,0.5000,0.5000,10000
condition,blur(std=0.5),identity,d,True,,,,0.5000,0.5000,0.5000,10000
condition,blur(std=0.5),identity,r_A,False,0.9695,0.9680,0.9709,0.9835,0.9818,0.9854,10000
condition,blur(std=0.5),radial,g,True,,,,0.5000,0.5000,0.5000,10000
condition,blur(std=0.5),radial,d,False,0.8913,0.8867,0.8954,0.9700,0.9668,0.9730,10000
condition,blur(std=0.5),radial,r_A,False,0.9870,0.9861,0.9878,0.9987,0.9983,0.9990,10000
condition,blur(std=0.5),pca16,g,True,,,,0.5000,0.5000,0.5000,10000
condition,blur(std=0.5),pca16,d,False,0.9830,0.9821,0.9839,0.9928,0.9916,0.9938,10000
condition,blur(std=0.5),pca16,r_A,False,0.9878,0.9871,0.9885,0.9941,0.9930,0.9950,10000
condition,blur(std=0.5),pca64,g,True,,,,0.5000,0.5000,0.5000,10000
condition,blur(std=0.5),pca64,d,False,0.9757,0.9746,0.9769,0.9926,0.9915,0.9936,10000
condition,blur(std=0.5),pca64,r_A,False,0.9901,0.9896,0.9905,0.9958,0.9951,0.9965,10000
condition,blur(std=0.5),pca256,g,True,,,,0.5000,0.5000,0.5000,10000
condition,blur(std=0.5),pca256,d,False,0.9075,0.9031,0.9123,0.9812,0.9788,0.9835,10000
condition,blur(std=0.5),pca256,r_A,False,0.9798,0.9785,0.9808,0.9958,0.9952,0.9965,10000
condition,blur(std=0.5),nn,g,True,,,,0.5000,0.5000,0.5000,10000
condition,blur(std=0.5),nn,d,False,0.9813,0.9803,0.9821,0.9929,0.9917,0.9941,10000
condition,blur(std=0.5),nn,r_A,False,0.9879,0.9873,0.9885,0.9946,0.9937,0.9955,10000
condition,blur(std=1),identity,g,True,,,,0.5000,0.5000,0.5000,10000
condition,blur(std=1),identity,d,True,,,,0.5000,0.5000,0.5000,10000
condition,blur(std=1),identity,r_A,False,0.7540,0.7439,0.7647,0.8632,0.8556,0.8719,10000
condition,blur(std=1),radial,g,True,,,,0.5000,0.5000,0.5000,10000
condition,blur(std=1),radial,d,False,0.7090,0.6968,0.7208,0.8692,0.8594,0.8783,10000
condition,blur(std=1),radial,r_A,False,0.8757,0.8695,0.8813,0.9428,0.9373,0.9481,10000
condition,blur(std=1),pca16,g,True,,,,0.5000,0.5000,0.5000,10000
condition,blur(std=1),pca16,d,False,0.8467,0.8399,0.8534,0.9345,0.9293,0.9398,10000
condition,blur(std=1),pca16,r_A,False,0.9016,0.8965,0.9069,0.9520,0.9474,0.9567,10000
condition,blur(std=1),pca64,g,True,,,,0.5000,0.5000,0.5000,10000
condition,blur(std=1),pca64,d,False,0.6589,0.6466,0.6710,0.8476,0.8387,0.8570,10000
condition,blur(std=1),pca64,r_A,False,0.8478,0.8409,0.8550,0.9200,0.9138,0.9259,10000
condition,blur(std=1),pca256,g,True,,,,0.5000,0.5000,0.5000,10000
condition,blur(std=1),pca256,d,False,0.4320,0.4153,0.4474,0.7182,0.7063,0.7303,10000
condition,blur(std=1),pca256,r_A,False,0.7548,0.7448,0.7651,0.8570,0.8493,0.8657,10000
condition,blur(std=1),nn,g,True,,,,0.5000,0.5000,0.5000,10000
condition,blur(std=1),nn,d,False,0.7763,0.7674,0.7850,0.9164,0.9098,0.9223,10000
condition,blur(std=1),nn,r_A,False,0.8973,0.8922,0.9021,0.9500,0.9455,0.9545,10000
condition,blur(std=1.5),identity,g,True,,,,0.5000,0.5000,0.5000,10000
condition,blur(std=1.5),identity,d,True,,,,0.5000,0.5000,0.5000,10000
condition,blur(std=1.5),identity,r_A,False,0.7356,0.7245,0.7459,0.8395,0.8301,0.8483,10000
condition,blur(std=1.5),radial,g,True,,,,0.5000,0.5000,0.5000,10000
condition,blur(std=1.5),radial,d,False,0.6075,0.5924,0.6221,0.8002,0.7880,0.8122,10000
condition,blur(std=1.5),radial,r_A,False,0.7627,0.7531,0.7722,0.8743,0.8662,0.8819,10000
condition,blur(std=1.5),pca16,g,True,,,,0.5000,0.5000,0.5000,10000
condition,blur(std=1.5),pca16,d,False,0.7175,0.7071,0.7288,0.8511,0.8424,0.8606,10000
condition,blur(std=1.5),pca16,r_A,False,0.8372,0.8299,0.8445,0.9032,0.8968,0.9101,10000
condition,blur(std=1.5),pca64,g,True,,,,0.5000,0.5000,0.5000,10000
condition,blur(std=1.5),pca64,d,False,0.4522,0.4357,0.4675,0.7118,0.7004,0.7246,10000
condition,blur(std=1.5),pca64,r_A,False,0.7576,0.7472,0.7678,0.8597,0.8519,0.8680,10000
condition,blur(std=1.5),pca256,g,True,,,,0.5000,0.5000,0.5000,10000
condition,blur(std=1.5),pca256,d,False,0.3339,0.3159,0.3511,0.6422,0.6302,0.6555,10000
condition,blur(std=1.5),pca256,r_A,False,0.7335,0.7225,0.7439,0.8420,0.8331,0.8504,10000
condition,blur(std=1.5),nn,g,True,,,,0.5000,0.5000,0.5000,10000
condition,blur(std=1.5),nn,d,False,0.6462,0.6347,0.6588,0.8434,0.8352,0.8515,10000
condition,blur(std=1.5),nn,r_A,False,0.8124,0.8045,0.8197,0.9133,0.9067,0.9192,10000
condition,blur(std=2),identity,g,True,,,,0.5000,0.5000,0.5000,10000
condition,blur(std=2),identity,d,True,,,,0.5000,0.5000,0.5000,10000
condition,blur(std=2),identity,r_A,False,0.7363,0.7264,0.7463,0.8186,0.8100,0.8275,10000
condition,blur(std=2),radial,g,True,,,,0.5000,0.5000,0.5000,10000
condition,blur(std=2),radial,d,False,0.5722,0.5567,0.5880,0.7736,0.7606,0.7848,10000
condition,blur(std=2),radial,r_A,False,0.6273,0.6143,0.6403,0.8206,0.8107,0.8296,10000
condition,blur(std=2),pca16,g,True,,,,0.5000,0.5000,0.5000,10000
condition,blur(std=2),pca16,d,False,0.6740,0.6625,0.6864,0.8050,0.7962,0.8152,10000
condition,blur(std=2),pca16,r_A,False,0.7870,0.7788,0.7961,0.8517,0.8441,0.8597,10000
condition,blur(std=2),pca64,g,True,,,,0.5000,0.5000,0.5000,10000
condition,blur(std=2),pca64,d,False,0.4424,0.4260,0.4574,0.6803,0.6693,0.6928,10000
condition,blur(std=2),pca64,r_A,False,0.7284,0.7187,0.7383,0.8124,0.8034,0.8210,10000
condition,blur(std=2),pca256,g,True,,,,0.5000,0.5000,0.5000,10000
condition,blur(std=2),pca256,d,False,0.3721,0.3547,0.3889,0.6617,0.6498,0.6741,10000
condition,blur(std=2),pca256,r_A,False,0.7331,0.7232,0.7430,0.8176,0.8089,0.8265,10000
condition,blur(std=2),nn,g,True,,,,0.5000,0.5000,0.5000,10000
condition,blur(std=2),nn,d,False,0.5986,0.5846,0.6123,0.7937,0.7847,0.8030,10000
condition,blur(std=2),nn,r_A,False,0.7576,0.7485,0.7669,0.8773,0.8700,0.8849,10000
condition,pixel_mask(drop=0.25),identity,g,True,,,,0.5000,0.5000,0.5000,10000
condition,pixel_mask(drop=0.25),identity,d,True,,,,0.5000,0.5000,0.5000,10000
condition,pixel_mask(drop=0.25),identity,r_A,True,,,,0.5000,0.5000,0.5000,10000
condition,pixel_mask(drop=0.25),radial,g,True,,,,0.5000,0.5000,0.5000,10000
condition,pixel_mask(drop=0.25),radial,d,False,0.6181,0.6036,0.6326,0.8578,0.8482,0.8670,10000
condition,pixel_mask(drop=0.25),radial,r_A,False,0.6043,0.5895,0.6196,0.8570,0.8477,0.8666,10000
condition,pixel_mask(drop=0.25),pca16,g,True,,,,0.5000,0.5000,0.5000,10000
condition,pixel_mask(drop=0.25),pca16,d,False,0.9715,0.9703,0.9727,0.9835,0.9814,0.9856,10000
condition,pixel_mask(drop=0.25),pca16,r_A,False,0.9945,0.9942,0.9947,0.9967,0.9961,0.9973,10000
condition,pixel_mask(drop=0.25),pca64,g,True,,,,0.5000,0.5000,0.5000,10000
condition,pixel_mask(drop=0.25),pca64,d,False,0.9817,0.9808,0.9824,0.9903,0.9889,0.9916,10000
condition,pixel_mask(drop=0.25),pca64,r_A,False,0.9929,0.9926,0.9932,0.9958,0.9951,0.9965,10000
condition,pixel_mask(drop=0.25),pca256,g,True,,,,0.5000,0.5000,0.5000,10000
condition,pixel_mask(drop=0.25),pca256,d,False,0.9920,0.9916,0.9923,0.9949,0.9941,0.9955,10000
condition,pixel_mask(drop=0.25),pca256,r_A,False,0.9871,0.9866,0.9876,0.9923,0.9913,0.9933,10000
condition,pixel_mask(drop=0.25),nn,g,True,,,,0.5000,0.5000,0.5000,10000
condition,pixel_mask(drop=0.25),nn,d,False,0.9257,0.9225,0.9287,0.9594,0.9559,0.9628,10000
condition,pixel_mask(drop=0.25),nn,r_A,False,0.9947,0.9945,0.9949,0.9975,0.9970,0.9980,10000
condition,pixel_mask(drop=0.5),identity,g,True,,,,0.5000,0.5000,0.5000,10000
condition,pixel_mask(drop=0.5),identity,d,True,,,,0.5000,0.5000,0.5000,10000
condition,pixel_mask(drop=0.5),identity,r_A,True,,,,0.5000,0.5000,0.5000,10000
condition,pixel_mask(drop=0.5),radial,g,True,,,,0.5000,0.5000,0.5000,10000
condition,pixel_mask(drop=0.5),radial,d,False,0.4504,0.4334,0.4685,0.8379,0.8283,0.8478,10000
condition,pixel_mask(drop=0.5),radial,r_A,False,0.4419,0.4243,0.4601,0.8347,0.8251,0.8446,10000
condition,pixel_mask(drop=0.5),pca16,g,True,,,,0.5000,0.5000,0.5000,10000
condition,pixel_mask(drop=0.5),pca16,d,False,0.9875,0.9869,0.9880,0.9937,0.9926,0.9946,10000
condition,pixel_mask(drop=0.5),pca16,r_A,False,0.9897,0.9893,0.9901,0.9945,0.9936,0.9953,10000
condition,pixel_mask(drop=0.5),pca64,g,True,,,,0.5000,0.5000,0.5000,10000
condition,pixel_mask(drop=0.5),pca64,d,False,0.9891,0.9886,0.9895,0.9938,0.9929,0.9948,10000
condition,pixel_mask(drop=0.5),pca64,r_A,False,0.9891,0.9887,0.9895,0.9933,0.9923,0.9943,10000
condition,pixel_mask(drop=0.5),pca256,g,True,,,,0.5000,0.5000,0.5000,10000
condition,pixel_mask(drop=0.5),pca256,d,False,0.9882,0.9877,0.9887,0.9931,0.9922,0.9941,10000
condition,pixel_mask(drop=0.5),pca256,r_A,False,0.9825,0.9819,0.9832,0.9899,0.9885,0.9911,10000
condition,pixel_mask(drop=0.5),nn,g,True,,,,0.5000,0.5000,0.5000,10000
condition,pixel_mask(drop=0.5),nn,d,False,0.9505,0.9485,0.9523,0.9721,0.9694,0.9746,10000
condition,pixel_mask(drop=0.5),nn,r_A,False,0.9894,0.9890,0.9898,0.9934,0.9925,0.9944,10000
condition,pixel_mask(drop=0.75),identity,g,True,,,,0.5000,0.5000,0.5000,10000
condition,pixel_mask(drop=0.75),identity,d,True,,,,0.5000,0.5000,0.5000,10000
condition,pixel_mask(drop=0.75),identity,r_A,True,,,,0.5000,0.5000,0.5000,10000
condition,pixel_mask(drop=0.75),radial,g,True,,,,0.5000,0.5000,0.5000,10000
condition,pixel_mask(drop=0.75),radial,d,False,0.4395,0.4228,0.4571,0.8290,0.8197,0.8385,10000
condition,pixel_mask(drop=0.75),radial,r_A,False,0.4215,0.4046,0.4398,0.8200,0.8103,0.8299,10000
condition,pixel_mask(drop=0.75),pca16,g,True,,,,0.5000,0.5000,0.5000,10000
condition,pixel_mask(drop=0.75),pca16,d,False,0.9743,0.9732,0.9753,0.9851,0.9834,0.9868,10000
condition,pixel_mask(drop=0.75),pca16,r_A,False,0.9757,0.9746,0.9766,0.9854,0.9838,0.9871,10000
condition,pixel_mask(drop=0.75),pca64,g,True,,,,0.5000,0.5000,0.5000,10000
condition,pixel_mask(drop=0.75),pca64,d,False,0.9751,0.9740,0.9759,0.9857,0.9841,0.9874,10000
condition,pixel_mask(drop=0.75),pca64,r_A,False,0.9757,0.9747,0.9766,0.9854,0.9837,0.9872,10000
condition,pixel_mask(drop=0.75),pca256,g,True,,,,0.5000,0.5000,0.5000,10000
condition,pixel_mask(drop=0.75),pca256,d,False,0.9789,0.9781,0.9796,0.9872,0.9856,0.9887,10000
condition,pixel_mask(drop=0.75),pca256,r_A,False,0.9694,0.9682,0.9705,0.9801,0.9780,0.9821,10000
condition,pixel_mask(drop=0.75),nn,g,True,,,,0.5000,0.5000,0.5000,10000
condition,pixel_mask(drop=0.75),nn,d,False,0.9334,0.9309,0.9359,0.9655,0.9625,0.9685,10000
condition,pixel_mask(drop=0.75),nn,r_A,False,0.9760,0.9750,0.9769,0.9859,0.9842,0.9875,10000
condition,box_mask(size=8),identity,g,True,,,,0.5000,0.5000,0.5000,10000
condition,box_mask(size=8),identity,d,True,,,,0.5000,0.5000,0.5000,10000
condition,box_mask(size=8),identity,r_A,True,,,,0.5000,0.5000,0.5000,10000
condition,box_mask(size=8),radial,g,True,,,,0.5000,0.5000,0.5000,10000
condition,box_mask(size=8),radial,d,False,0.7365,0.7265,0.7460,0.9375,0.9326,0.9424,10000
condition,box_mask(size=8),radial,r_A,False,0.7207,0.7103,0.7306,0.9330,0.9280,0.9382,10000
condition,box_mask(size=8),pca16,g,True,,,,0.5000,0.5000,0.5000,10000
condition,box_mask(size=8),pca16,d,False,0.9811,0.9803,0.9820,0.9889,0.9875,0.9902,10000
condition,box_mask(size=8),pca16,r_A,False,0.9627,0.9611,0.9643,0.9817,0.9798,0.9837,10000
condition,box_mask(size=8),pca64,g,True,,,,0.5000,0.5000,0.5000,10000
condition,box_mask(size=8),pca64,d,False,0.9123,0.9085,0.9159,0.9450,0.9410,0.9493,10000
condition,box_mask(size=8),pca64,r_A,False,0.8605,0.8551,0.8661,0.9208,0.9158,0.9261,10000
condition,box_mask(size=8),pca256,g,True,,,,0.5000,0.5000,0.5000,10000
condition,box_mask(size=8),pca256,d,False,0.6329,0.6201,0.6455,0.7995,0.7909,0.8090,10000
condition,box_mask(size=8),pca256,r_A,False,0.5878,0.5745,0.6011,0.7848,0.7758,0.7953,10000
condition,box_mask(size=8),nn,g,True,,,,0.5000,0.5000,0.5000,10000
condition,box_mask(size=8),nn,d,False,0.9013,0.8968,0.9056,0.9453,0.9409,0.9496,10000
condition,box_mask(size=8),nn,r_A,False,0.9689,0.9672,0.9705,0.9836,0.9814,0.9857,10000
condition,box_mask(size=14),identity,g,True,,,,0.5000,0.5000,0.5000,10000
condition,box_mask(size=14),identity,d,True,,,,0.5000,0.5000,0.5000,10000
condition,box_mask(size=14),identity,r_A,True,,,,0.5000,0.5000,0.5000,10000
condition,box_mask(size=14),radial,g,True,,,,0.5000,0.5000,0.5000,10000
condition,box_mask(size=14),radial,d,False,0.6247,0.6118,0.6376,0.8878,0.8800,0.8951,10000
condition,box_mask(size=14),radial,r_A,False,0.6136,0.6007,0.6269,0.8857,0.8778,0.8931,10000
condition,box_mask(size=14),pca16,g,True,,,,0.5000,0.5000,0.5000,10000
condition,box_mask(size=14),pca16,d,False,0.8586,0.8532,0.8642,0.9227,0.9177,0.9278,10000
condition,box_mask(size=14),pca16,r_A,False,0.8421,0.8358,0.8486,0.9183,0.9129,0.9237,10000
condition,box_mask(size=14),pca64,g,True,,,,0.5000,0.5000,0.5000,10000
condition,box_mask(size=14),pca64,d,False,0.7428,0.7334,0.7526,0.8643,0.8571,0.8717,10000
condition,box_mask(size=14),pca64,r_A,False,0.6765,0.6651,0.6880,0.8365,0.8289,0.8448,10000
condition,box_mask(size=14),pca256,g,True,,,,0.5000,0.5000,0.5000,10000
condition,box_mask(size=14),pca256,d,False,0.4392,0.4226,0.4558,0.7191,0.7083,0.7296,10000
condition,box_mask(size=14),pca256,r_A,False,0.4042,0.3874,0.4213,0.7090,0.6986,0.7199,10000
condition,box_mask(size=14),nn,g,True,,,,0.5000,0.5000,0.5000,10000
condition,box_mask(size=14),nn,d,False,0.7574,0.7487,0.7663,0.8464,0.8378,0.8544,10000
condition,box_mask(size=14),nn,r_A,False,0.8534,0.8474,0.8593,0.9154,0.9096,0.9209,10000
family,noise,identity,g,True,,,,0.5000,0.5000,0.5000,40000
family,noise,identity,d,True,,,,0.5000,0.5000,0.5000,40000
family,noise,identity,r_A,True,,,,0.5000,0.5000,0.5000,40000
family,noise,radial,g,True,,,,0.5000,0.5000,0.5000,40000
family,noise,radial,d,False,0.8277,0.8249,0.8306,0.9990,0.9987,0.9992,40000
family,noise,radial,r_A,False,0.8277,0.8249,0.8306,0.9990,0.9987,0.9992,40000
family,noise,pca16,g,True,,,,0.5000,0.5000,0.5000,40000
family,noise,pca16,d,False,0.4667,0.4631,0.4705,0.6998,0.6960,0.7034,40000
family,noise,pca16,r_A,False,0.4667,0.4631,0.4705,0.6998,0.6960,0.7034,40000
family,noise,pca64,g,True,,,,0.5000,0.5000,0.5000,40000
family,noise,pca64,d,False,0.8620,0.8590,0.8646,0.9396,0.9361,0.9427,40000
family,noise,pca64,r_A,False,0.8620,0.8590,0.8646,0.9396,0.9361,0.9427,40000
family,noise,pca256,g,True,,,,0.5000,0.5000,0.5000,40000
family,noise,pca256,d,False,0.9638,0.9632,0.9643,0.9999,0.9999,1.0000,40000
family,noise,pca256,r_A,False,0.9638,0.9632,0.9643,0.9999,0.9999,1.0000,40000
family,noise,nn,g,True,,,,0.5000,0.5000,0.5000,40000
family,noise,nn,d,False,0.2804,0.2775,0.2833,0.6441,0.6415,0.6468,40000
family,noise,nn,r_A,False,0.2804,0.2775,0.2833,0.6441,0.6415,0.6468,40000
family,blur,identity,g,True,,,,0.5000,0.5000,0.5000,40000
family,blur,identity,d,True,,,,0.5000,0.5000,0.5000,40000
family,blur,identity,r_A,False,0.9094,0.9067,0.9122,0.9327,0.9300,0.9355,40000
family,blur,radial,g,True,,,,0.5000,0.5000,0.5000,40000
family,blur,radial,d,False,0.6732,0.6639,0.6822,0.8214,0.8149,0.8279,40000
family,blur,radial,r_A,False,0.7266,0.7204,0.7331,0.8442,0.8393,0.8490,40000
family,blur,pca16,g,True,,,,0.5000,0.5000,0.5000,40000
family,blur,pca16,d,False,0.3017,0.2882,0.3151,0.6558,0.6476,0.6646,40000
family,blur,pca16,r_A,False,0.4339,0.4226,0.4449,0.7207,0.7140,0.7277,40000
family,blur,pca64,g,True,,,,0.5000,0.5000,0.5000,40000
family,blur,pca64,d,False,-0.1442,-0.1575,-0.1303,0.4404,0.4319,0.4490,40000
family,blur,pca64,r_A,False,0.3962,0.3860,0.4068,0.7325,0.7262,0.7384,40000
family,blur,pca256,g,True,,,,0.5000,0.5000,0.5000,40000
family,blur,pca256,d,False,-0.4108,-0.4198,-0.4019,0.3856,0.3800,0.3913,40000
family,blur,pca256,r_A,False,0.7431,0.7368,0.7493,0.8969,0.8924,0.9013,40000
family,blur,nn,g,True,,,,0.5000,0.5000,0.5000,40000
family,blur,nn,d,False,0.8030,0.7978,0.8083,0.8914,0.8871,0.8961,40000
family,blur,nn,r_A,False,0.6956,0.6886,0.7025,0.8481,0.8430,0.8535,40000
family,pixel_mask,identity,g,True,,,,0.5000,0.5000,0.5000,30000
family,pixel_mask,identity,d,True,,,,0.5000,0.5000,0.5000,30000
family,pixel_mask,identity,r_A,True,,,,0.5000,0.5000,0.5000,30000
family,pixel_mask,radial,g,True,,,,0.5000,0.5000,0.5000,30000
family,pixel_mask,radial,d,False,0.5225,0.5131,0.5331,0.7872,0.7824,0.7921,30000
family,pixel_mask,radial,r_A,False,0.0861,0.0734,0.0997,0.5636,0.5569,0.5706,30000
family,pixel_mask,pca16,g,True,,,,0.5000,0.5000,0.5000,30000
family,pixel_mask,pca16,d,False,0.6334,0.6261,0.6412,0.7813,0.7752,0.7877,30000
family,pixel_mask,pca16,r_A,False,0.4312,0.4212,0.4418,0.6763,0.6693,0.6833,30000
family,pixel_mask,pca64,g,True,,,,0.5000,0.5000,0.5000,30000
family,pixel_mask,pca64,d,False,0.6457,0.6389,0.6529,0.7966,0.7907,0.8026,30000
family,pixel_mask,pca64,r_A,False,0.4504,0.4407,0.4606,0.7005,0.6937,0.7079,30000
family,pixel_mask,pca256,g,True,,,,0.5000,0.5000,0.5000,30000
family,pixel_mask,pca256,d,False,0.7162,0.7108,0.7220,0.8359,0.8310,0.8409,30000
family,pixel_mask,pca256,r_A,False,0.3514,0.3405,0.3626,0.6416,0.6346,0.6491,30000
family,pixel_mask,nn,g,True,,,,0.5000,0.5000,0.5000,30000
family,pixel_mask,nn,d,False,0.5828,0.5751,0.5906,0.7625,0.7562,0.7688,30000
family,pixel_mask,nn,r_A,False,0.5234,0.5150,0.5319,0.7318,0.7253,0.7386,30000
family,box_mask,identity,g,True,,,,0.5000,0.5000,0.5000,20000
family,box_mask,identity,d,True,,,,0.5000,0.5000,0.5000,20000
family,box_mask,identity,r_A,True,,,,0.5000,0.5000,0.5000,20000
family,box_mask,radial,g,True,,,,0.5000,0.5000,0.5000,20000
family,box_mask,radial,d,False,0.5931,0.5837,0.6030,0.7843,0.7768,0.7921,20000
family,box_mask,radial,r_A,False,0.4643,0.4537,0.4759,0.7144,0.7065,0.7228,20000
family,box_mask,pca16,g,True,,,,0.5000,0.5000,0.5000,20000
family,box_mask,pca16,d,False,0.8343,0.8297,0.8388,0.8749,0.8702,0.8800,20000
family,box_mask,pca16,r_A,False,0.6581,0.6500,0.6661,0.7719,0.7652,0.7791,20000
family,box_mask,pca64,g,True,,,,0.5000,0.5000,0.5000,20000
family,box_mask,pca64,d,False,0.6546,0.6464,0.6624,0.7720,0.7654,0.7789,20000
family,box_mask,pca64,r_A,False,0.4140,0.4024,0.4250,0.6385,0.6308,0.6470,20000
family,box_mask,pca256,g,True,,,,0.5000,0.5000,0.5000,20000
family,box_mask,pca256,d,False,0.2912,0.2790,0.3037,0.5904,0.5826,0.5989,20000
family,box_mask,pca256,r_A,False,0.1036,0.0904,0.1166,0.4939,0.4855,0.5032,20000
family,box_mask,nn,g,True,,,,0.5000,0.5000,0.5000,20000
family,box_mask,nn,d,False,0.8081,0.8025,0.8138,0.8794,0.8742,0.8849,20000
family,box_mask,nn,r_A,False,0.8023,0.7967,0.8080,0.8779,0.8728,0.8832,20000
all,all,identity,g,True,,,,0.5000,0.5000,0.5000,130000
all,all,identity,d,True,,,,0.5000,0.5000,0.5000,130000
all,all,identity,r_A,False,-0.3335,-0.3361,-0.3309,0.3018,0.3009,0.3026,130000
all,all,radial,g,True,,,,0.5000,0.5000,0.5000,130000
all,all,radial,d,False,0.5739,0.5687,0.5794,0.8096,0.8067,0.8126,130000
all,all,radial,r_A,False,0.3766,0.3713,0.3818,0.7149,0.7115,0.7183,130000
all,all,pca16,g,True,,,,0.5000,0.5000,0.5000,130000
all,all,pca16,d,False,0.2793,0.2756,0.2831,0.6566,0.6546,0.6588,130000
all,all,pca16,r_A,False,0.1158,0.1105,0.1215,0.5384,0.5353,0.5417,130000
all,all,pca64,g,True,,,,0.5000,0.5000,0.5000,130000
all,all,pca64,d,False,0.3638,0.3605,0.3672,0.6779,0.6755,0.6803,130000
all,all,pca64,r_A,False,0.2458,0.2411,0.2504,0.5844,0.5819,0.5870,130000
all,all,pca256,g,True,,,,0.5000,0.5000,0.5000,130000
all,all,pca256,d,False,0.5747,0.5728,0.5765,0.8195,0.8176,0.8213,130000
all,all,pca256,r_A,False,0.4981,0.4947,0.5015,0.7047,0.7021,0.7072,130000
all,all,nn,g,True,,,,0.5000,0.5000,0.5000,130000
all,all,nn,d,False,0.2120,0.2074,0.2165,0.6403,0.6376,0.6430,130000
all,all,nn,r_A,False,0.0449,0.0401,0.0496,0.5442,0.5411,0.5473,130000
